{"ParametersFormatVersion": 3, "GateSweep": {"saveFileName": "GateSweep", "isFastSweep": false, "isAlternatingSweep": false, "pulsedMeasurementOnTime": 0, "pulsedMeasurementOffTime": 0, "stepsInVGSPerDirection": 100, "pointsPerVGS": 1, "complianceCurrent": 0.0001, "drainVoltageSetPoint": -0.5, "gateVoltageMinimum": -15, "gateVoltageMaximum": 15}, "BurnOut": {"saveFileName": "BurnOut", "pointsPerRamp": 50, "pointsPerHold": 50, "complianceCurrent": 0.002, "thresholdProportion": 0.8, "minimumAppliedDrainVoltage": 1.1, "gateVoltageSetPoint": 15.0, "drainVoltageMaxPoint": 10, "drainVoltagePlateaus": 10}, "AutoBurnOut": {"targetOnOffRatio": 300, "limitBurnOutsAllowed": 8, "limitOnOffRatioDegradation": 0.7}, "StaticBias": {"saveFileName": "StaticBias", "totalBiasTime": 60, "measurementTime": 10, "complianceCurrent": 0.0001, "delayBeforeApplyingVoltage": 0, "delayBeforeMeasurementsBegin": 0, "gateVoltageSetPoint": -15, "drainVoltageSetPoint": -0.5, "gateVoltageWhenDone": 0, "drainVoltageWhenDone": 0}, "AutoGateSweep": {"numberOfSweeps": 1, "applyStaticBiasBetweenSweeps": false}, "AutoStaticBias": {"numberOfStaticBiases": 1, "doInitialGateSweep": true, "applyGateSweepBetweenBiases": false, "turnChannelsOffBetweenBiases": false, "channelsOffTime": 0, "firstDelayBeforeMeasurementsBegin": 0, "numberOfBiasesBetweenIncrements": 1, "incrementStaticGateVoltage": 0, "incrementStaticDrainVoltage": 0, "incrementGateVoltageWhenDone": 0, "incrementDrainVoltageWhenDone": 0, "incrementDelayBeforeReapplyingVoltage": 0, "shuffleDelaysBeforeReapplyingVoltage": false}, "Results": {"vds_data": [[-0.499947, -0.500001, -0.500001, -0.5, -0.5, -0.500001, -0.500001, -0.499999, -0.500001, -0.500001, -0.500001, -0.499999, -0.5, -0.5, -0.5, -0.500001, -0.500001, -0.500001, -0.500001, -0.500001, -0.5, -0.500001, -0.5, -0.500001, -0.500001, -0.500001, -0.5, -0.500001, -0.500001, -0.5, -0.5, -0.500001, -0.500001, -0.5, -0.500001, -0.5, -0.500001, -0.500001, -0.500001, -0.500001, -0.5, -0.5, -0.500001, -0.5, -0.500001, -0.500001, -0.5, -0.500001, -0.500001, -0.500001, -0.5, -0.500001, -0.5, -0.5, -0.500001, -0.500001, -0.500001, -0.5, -0.5, -0.5, -0.5, -0.500001, -0.500001, -0.500001, -0.500001, -0.5, -0.5, -0.5, -0.500001, -0.5, -0.500001, -0.5, -0.5, -0.500001, -0.500001, -0.5, -0.500001, -0.5, -0.500001, -0.500001, -0.5, -0.500001, -0.500001, -0.500001, -0.500001, -0.5, -0.500001, -0.500001, -0.500001, -0.5, -0.500001, -0.500001, -0.500001, -0.5, -0.500001, -0.500001, -0.500001, -0.500001, -0.500001, -0.500001], [-0.500001, -0.500001, -0.5, -0.5, -0.500001, -0.499999, -0.5, -0.500001, -0.500001, -0.500001, -0.5, -0.5, -0.500001, -0.500001, -0.499999, -0.500001, -0.5, -0.5, -0.499999, -0.500001, -0.500001, -0.5, -0.5, -0.500001, -0.5, -0.500001, -0.5, -0.5, -0.499999, -0.500001, -0.500001, -0.500001, -0.5, -0.500001, -0.500001, -0.5, -0.5, -0.499999, -0.500001, -0.5, -0.5, -0.500001, -0.5, -0.500001, -0.500001, -0.500001, -0.5, -0.5, -0.5, -0.500001, -0.500001, -0.5, -0.500001, -0.5, -0.500001, -0.500001, -0.500001, -0.500001, -0.500001, -0.500001, -0.500001, -0.500001, -0.5, -0.499999, -0.500001, -0.499999, -0.500001, -0.500001, -0.5, -0.500001, -0.5, -0.500001, -0.500001, -0.5, -0.5, -0.5, -0.500001, -0.5, -0.499999, -0.5, -0.500001, -0.5, -0.500001, -0.500001, -0.499999, -0.500001, -0.500001, -0.499971, -0.500001, -0.500001, -0.500001, -0.500001, -0.500001, -0.5, -0.5, -0.500001, -0.500001, -0.5, -0.499999, -0.5]], "id_data": [[1.35085e-09, 1.721e-10, 1.4021e-10, 1.2617e-10, 1.1832e-10, 1.0612e-10, 1.0035e-10, 9.297e-11, 8.563e-11, 7.817e-11, 7.229e-11, 6.584e-11, 6.5e-11, 5.768e-11, 4.949e-11, 4.614e-11, 4.187e-11, 3.663e-11, 3.266e-11, 3.071e-11, 2.921e-11, 2.219e-11, 1.753e-11, 1.818e-11, 1.326e-11, 1.135e-11, 5.51e-12, 3.82e-12, 1.48e-12, -3.27e-12, -7.75e-12, -9.75e-12, -1.185e-11, -1.313e-11, -1.46e-11, -1.908e-11, -2.347e-11, -2.599e-11, -2.8e-11, -2.814e-11, -3.175e-11, -3.386e-11, -3.726e-11, -3.952e-11, -4.081e-11, -4.514e-11, -4.815e-11, -5.171e-11, -5.284e-11, -5.541e-11, -5.449e-11, -5.878e-11, -6.074e-11, -6.32e-11, -6.527e-11, -6.419e-11, -6.972e-11, -7.346e-11, -7.527e-11, -7.953e-11, -7.904e-11, -7.796e-11, -8.288e-11, -8.486e-11, -8.847e-11, -9.08e-11, -9.209e-11, -9e-11, -9.441e-11, -9.757e-11, -9.978e-11, -1.0242e-10, -1.035e-10, -1.0619e-10, -1.0677e-10, -1.1323e-10, -1.1235e-10, -1.1343e-10, -1.1075e-10, -1.1797e-10, -1.1962e-10, -1.226e-10, -1.2404e-10, -1.2347e-10, -1.233e-10, -1.2791e-10, -1.2842e-10, -1.3184e-10, -1.3524e-10, -1.3489e-10, -1.384e-10, -1.4042e-10, -1.7344e-10, -1.5611e-10, -1.6039e-10, -1.7366e-10, -1.891e-10, -2.0096e-10, -2.1505e-10, -2.345e-10], [-2.3469e-10, -2.3432e-10, -2.5168e-10, -6.7473e-10, -7.8809e-10, -4.6987e-10, -4.505e-10, -4.0288e-10, -3.2962e-10, -2.6317e-10, -2.3679e-10, -2.0068e-10, -2.0269e-10, -2.4158e-10, -2.3663e-10, -1.9604e-10, -1.7675e-10, -1.4888e-10, -1.3326e-10, -1.1724e-10, -9.418e-11, -8.047e-11, -7.131e-11, -5.939e-11, -4.68e-11, -3.739e-11, -2.886e-11, -2.488e-11, -1.654e-11, -1.081e-11, -3.63e-12, 9.6e-13, 5.84e-12, 3.85e-12, 9.19e-12, 1.512e-11, 1.81e-11, 2.075e-11, 1.962e-11, 2.494e-11, 2.757e-11, 3.046e-11, 3.413e-11, 3.268e-11, 3.622e-11, 3.919e-11, 4.297e-11, 4.467e-11, 4.704e-11, 4.879e-11, 5.3e-11, 5.335e-11, 5.748e-11, 6.07e-11, 5.903e-11, 6.144e-11, 6.446e-11, 6.527e-11, 6.697e-11, 6.868e-11, 7.194e-11, 7.71e-11, 7.856e-11, 7.975e-11, 8.437e-11, 8.19e-11, 8.786e-11, 8.943e-11, 9.03e-11, 9.141e-11, 9.118e-11, 9.398e-11, 9.826e-11, 1.0012e-10, 1.0275e-10, 1.0443e-10, 1.0479e-10, 1.07e-10, 1.1025e-10, 1.1291e-10, 1.1462e-10, 1.1976e-10, 1.4632e-10, 1.3331e-10, 1.3645e-10, 1.4527e-10, 1.4488e-10, 8.8732e-10, 1.5413e-10, 1.3887e-10, 1.3878e-10, 1.4455e-10, 1.4274e-10, 1.4455e-10, 1.493e-10, 1.5195e-10, 1.5713e-10, 1.8734e-10, 2.1272e-10, 2.2705e-10]], "vgs_data": [[-15.00006, -14.69696, -14.39394, -14.09092, -13.78789, -13.48486, -13.18182, -12.87879, -12.57576, -12.27274, -11.96971, -11.66668, -11.36365, -11.06061, -10.75758, -10.45456, -10.15153, -9.84849, -9.54546, -9.24242, -8.9394, -8.63636, -8.33334, -8.03031, -7.72727, -7.42425, -7.12121, -6.81819, -6.51515, -6.21212, -5.90909, -5.60607, -5.30303, -5.00001, -4.69698, -4.39395, -4.09092, -3.78789, -3.48486, -3.18182, -2.87879, -2.57577, -2.27273, -1.969698, -1.666668, -1.363636, -1.060607, -0.757575, -0.454546, -0.151515, 0.1515154, 0.454544, 0.757576, 1.060605, 1.363636, 1.666667, 1.969696, 2.27272, 2.57575, 2.87878, 3.18181, 3.48484, 3.78788, 4.09091, 4.39394, 4.69697, 4.99999, 5.30303, 5.60606, 5.90908, 6.21212, 6.51514, 6.81817, 7.12121, 7.42423, 7.72726, 8.0303, 8.33333, 8.63636, 8.93938, 9.24241, 9.54544, 9.84848, 10.15151, 10.45454, 10.75758, 11.0606, 11.36363, 11.66666, 11.96969, 12.27273, 12.57575, 12.87878, 13.18182, 13.48484, 13.78788, 14.09091, 14.39393, 14.69696, 15.0], [15.0, 14.69696, 14.39393, 14.0909, 13.78788, 13.48485, 13.18181, 12.87879, 12.57576, 12.27273, 11.9697, 11.66667, 11.36363, 11.06061, 10.75759, 10.45454, 10.15151, 9.84847, 9.54545, 9.24243, 8.93938, 8.63635, 8.33332, 8.03029, 7.72726, 7.42424, 7.12121, 6.81818, 6.51514, 6.21211, 5.90908, 5.60605, 5.30303, 5.0, 4.69697, 4.39394, 4.0909, 3.78788, 3.48484, 3.18181, 2.87878, 2.57576, 2.27272, 1.969697, 1.666666, 1.363636, 1.060606, 0.757575, 0.454545, 0.1515149, -0.1515153, -0.454545, -0.757576, -1.060607, -1.363636, -1.666668, -1.969697, -2.27274, -2.57576, -2.87879, -3.18183, -3.48485, -3.78789, -4.09091, -4.39394, -4.69697, -5.0, -5.30303, -5.60607, -5.9091, -6.21213, -6.51515, -6.81818, -7.12121, -7.42425, -7.72727, -8.03031, -8.33333, -8.63637, -8.9394, -9.24243, -9.54545, -9.84849, -10.15152, -10.45456, -10.75759, -11.06061, -11.36368, -11.66667, -11.9697, -12.27274, -12.57576, -12.87879, -13.18183, -13.48486, -13.78789, -14.09091, -14.39394, -14.69697, -15.0]],