{"ParametersFormatVersion": 3, "GateSweep": {"saveFileName": "GateSweep", "isFastSweep": false, "isAlternatingSweep": false, "pulsedMeasurementOnTime": 0, "pulsedMeasurementOffTime": 0, "stepsInVGSPerDirection": 100, "pointsPerVGS": 1, "complianceCurrent": 0.0001, "drainVoltageSetPoint": -0.5, "gateVoltageMinimum": -15, "gateVoltageMaximum": 15}, "BurnOut": {"saveFileName": "BurnOut", "pointsPerRamp": 50, "pointsPerHold": 50, "complianceCurrent": 0.002, "thresholdProportion": 0.8, "minimumAppliedDrainVoltage": 1.1, "gateVoltageSetPoint": 15.0, "drainVoltageMaxPoint": 10, "drainVoltagePlateaus": 10}, "AutoBurnOut": {"targetOnOffRatio": 300, "limitBurnOutsAllowed": 8, "limitOnOffRatioDegradation": 0.7}, "StaticBias": {"saveFileName": "StaticBias", "totalBiasTime": 60, "measurementTime": 10, "complianceCurrent": 0.0001, "delayBeforeApplyingVoltage": 0, "delayBeforeMeasurementsBegin": 0, "gateVoltageSetPoint": -15, "drainVoltageSetPoint": -0.5, "gateVoltageWhenDone": 0, "drainVoltageWhenDone": 0}, "AutoGateSweep": {"numberOfSweeps": 1, "applyStaticBiasBetweenSweeps": false}, "AutoStaticBias": {"numberOfStaticBiases": 1, "doInitialGateSweep": true, "applyGateSweepBetweenBiases": false, "turnChannelsOffBetweenBiases": false, "channelsOffTime": 0, "firstDelayBeforeMeasurementsBegin": 0, "numberOfBiasesBetweenIncrements": 1, "incrementStaticGateVoltage": 0, "incrementStaticDrainVoltage": 0, "incrementGateVoltageWhenDone": 0, "incrementDrainVoltageWhenDone": 0, "incrementDelayBeforeReapplyingVoltage": 0, "shuffleDelaysBeforeReapplyingVoltage": false}, "Results": {"vds_data": [[-0.304919, -0.304918, -0.304921, -0.304919, -0.304918, -0.304918, -0.304921, -0.304917, -0.304922, -0.30492, -0.304924, -0.304921, -0.30492, -0.304921, -0.30492, -0.304922, -0.304917, -0.304919, -0.304917, -0.304921, -0.304915, -0.304914, -0.304915, -0.304917, -0.304915, -0.304916, -0.304918, -0.304918, -0.304916, -0.304917, -0.304918, -0.304917, -0.304917, -0.304918, -0.304917, -0.30492, -0.304918, -0.304917, -0.30492, -0.304915, -0.304917, -0.304917, -0.304917, -0.304918, -0.304918, -0.304918, -0.30492, -0.304921, -0.304919, -0.304918, -0.304921, -0.30492, -0.304919, -0.304919, -0.304923, -0.304921, -0.304921, -0.304923, -0.304922, -0.304921, -0.304922, -0.304924, -0.304923, -0.304923, -0.304923, -0.304921, -0.304919, -0.304919, -0.304918, -0.304916, -0.304918, -0.30492, -0.30492, -0.304921, -0.304918, -0.304918, -0.30492, -0.304921, -0.304922, -0.30492, -0.304923, -0.304921, -0.304918, -0.304915, -0.304917, -0.304917, -0.304913, -0.304913, -0.304914, -0.30492, -0.304918, -0.304918, -0.304915, -0.304918, -0.30492, -0.304915, -0.304916, -0.304913, -0.304918, -0.304914], [-0.304914, -0.304915, -0.304913, -0.304917, -0.304914, -0.304917, -0.304916, -0.304916, -0.304915, -0.304917, -0.304915, -0.304916, -0.304915, -0.304914, -0.304916, -0.304912, -0.304915, -0.304913, -0.30491, -0.304913, -0.304911, -0.304908, -0.30491, -0.304913, -0.304914, -0.304916, -0.304912, -0.304917, -0.304913, -0.304909, -0.304918, -0.304915, -0.304916, -0.304917, -0.304916, -0.304917, -0.30492, -0.304918, -0.304918, -0.304921, -0.304918, -0.304919, -0.304922, -0.304924, -0.304921, -0.304918, -0.30492, -0.304921, -0.304922, -0.30492, -0.30492, -0.30492, -0.304919, -0.304918, -0.30492, -0.304923, -0.304919, -0.304921, -0.304919, -0.304921, -0.30492, -0.304922, -0.304922, -0.304923, -0.304922, -0.304921, -0.304921, -0.304922, -0.304918, -0.304921, -0.30492, -0.304921, -0.304918, -0.304919, -0.304921, -0.304917, -0.304919, -0.304917, -0.304918, -0.304918, -0.304922, -0.304918, -0.304918, -0.304917, -0.304916, -0.30492, -0.304918, -0.304919, -0.304922, -0.304921, -0.304919, -0.30492, -0.304921, -0.304916, -0.30492, -0.30492, -0.304915, -0.304917, -0.304921, -0.304923]], "id_data": [[-0.0001, -0.0001, -0.0001, -0.0001, -0.0001, -0.0001, -0.0001, -0.0001, -0.0001, -0.0001, -0.0001, -0.0001, -0.0001, -0.0001, -0.0001, -0.0001, -0.0001, -0.0001, -0.0001, -0.0001, -0.0001, -0.0001, -0.0001, -0.0001, -0.0001, -0.0001, -0.0001, -0.0001, -0.0001, -0.0001, -0.0001, -0.0001, -0.0001, -0.0001, -0.0001, -0.0001, -0.0001, -0.0001, -0.0001, -0.0001, -0.0001, -0.0001, -0.0001, -0.0001, -0.0001, -0.0001, -0.0001, -0.0001, -0.0001, -0.0001, -0.0001, -0.0001, -0.0001, -0.0001, -0.0001, -0.0001, -0.0001, -0.0001, -0.0001, -0.0001, -0.0001, -0.0001, -0.0001, -0.0001, -0.0001, -0.0001, -0.0001, -0.0001, -0.0001, -0.0001, -0.0001, -0.0001, -0.0001, -0.0001, -0.0001, -0.0001, -0.0001, -0.0001, -0.0001, -0.0001, -0.0001, -0.0001, -0.0001, -0.0001, -0.0001, -0.0001, -0.0001, -0.0001, -0.0001, -0.0001, -0.0001, -0.0001, -0.0001, -0.0001, -0.0001, -0.0001, -0.0001, -0.0001, -0.0001, -0.0001], [-0.0001, -0.0001, -0.0001, -0.0001, -0.0001, -0.0001, -0.0001, -0.0001, -0.0001, -0.0001, -0.0001, -0.0001, -0.0001, -0.0001, -0.0001, -0.0001, -0.0001, -0.0001, -0.0001, -0.0001, -0.0001, -0.0001, -0.0001, -0.0001, -0.0001, -0.0001, -0.0001, -0.0001, -0.0001, -0.0001, -0.0001, -0.0001, -0.0001, -0.0001, -0.0001, -0.0001, -0.0001, -0.0001, -0.0001, -0.0001, -0.0001, -0.0001, -0.0001, -0.0001, -0.0001, -0.0001, -0.0001, -0.0001, -0.0001, -0.0001, -0.0001, -0.0001, -0.0001, -0.0001, -0.0001, -0.0001, -0.0001, -0.0001, -0.0001, -0.0001, -0.0001, -0.0001, -0.0001, -0.0001, -0.0001, -0.0001, -0.0001, -0.0001, -0.0001, -0.0001, -0.0001, -0.0001, -0.0001, -0.0001, -0.0001, -0.0001, -0.0001, -0.0001, -0.0001, -0.0001, -0.0001, -0.0001, -0.0001, -0.0001, -0.0001, -0.0001, -0.0001, -0.0001, -0.0001, -0.0001, -0.0001, -0.0001, -0.0001, -0.0001, -0.0001, -0.0001, -0.0001, -0.0001, -0.0001, -0.0001]], "vgs_data": [[-15.0, -14.69698, -14.39395, -14.09092, -13.78789, -13.48486, -13.18183, -12.8788, -12.57576, -12.27273, -11.96969, -11.66667, -11.36364, -11.06061, -10.75758, -10.45456, -10.15152, -9.84849, -9.54545, -9.24243, -8.93939, -8.63637, -8.33333, -8.03031, -7.72728, -7.42423, -7.12121, -6.81819, -6.51515, -6.21212, -5.9091, -5.60605, -5.30304, -5.0, -4.69698, -4.39394, -4.09092, -3.78789, -3.48485, -3.18182, -2.8788, -2.57577, -2.27274, -1.969698, -1.666667, -1.363637, -1.060606, -0.757575, -0.454544, -0.1515149, 0.1515154, 0.454544, 0.757577, 1.060605, 1.363635, 1.666666, 1.969698, 2.27272, 2.57576, 2.87879, 3.18181, 3.48485, 3.78787, 4.09091, 4.39393, 4.69697, 4.99999, 5.30302, 5.60606, 5.90908, 6.21211, 6.51515, 6.81817, 7.12121, 7.42423, 7.72726, 8.03029, 8.33332, 8.63636, 8.93939, 9.24241, 9.54544, 9.84848, 10.15151, 10.45454, 10.75757, 11.0606, 11.36364, 11.66666, 11.96969, 12.27273, 12.57576, 12.87878, 13.18182, 13.48486, 13.78788, 14.0909, 14.39393, 14.69697, 15.0], [15.0, 14.69697, 14.39393, 14.09091, 13.78788, 13.48485, 13.18182, 12.87879, 12.57576, 12.27272, 11.96969, 11.66667, 11.36363, 11.0606, 10.75757, 10.45454, 10.15152, 9.84848, 9.54544, 9.24241, 8.93938, 8.63636, 8.33332, 8.03029, 7.72727, 7.42423, 7.12121, 6.81817, 6.51515, 6.21212, 5.90909, 5.60606, 5.30302, 5.0, 4.69696, 4.39394, 4.09091, 3.78787, 3.48484, 3.18182, 2.87879, 2.57575, 2.27273, 1.969697, 1.666667, 1.363635, 1.060606, 0.757575, 0.454544, 0.151515, -0.1515155, -0.454546, -0.757576, -1.060607, -1.363636, -1.666667, -1.969698, -2.27273, -2.57576, -2.8788, -3.18182, -3.48486, -3.78788, -4.09091, -4.39395, -4.69698, -5.0, -5.30304, -5.60607, -5.90909, -6.21212, -6.51516, -6.81818, -7.12122, -7.42424, -7.72728, -8.03031, -8.33334, -8.63636, -8.9394, -9.24242, -9.54546, -9.84848, -10.15153, -10.45455, -10.75759, -11.06061, -11.36365, -11.66668, -11.9697, -12.27274, -12.57576, -12.87879, -13.18183, -13.48486, -13.78788, -14.09092, -14.39394, -14.69698, -15.0]],