{"runType": "StaticBias", "chipID": "E", "deviceID": "5-6", "NPLC": 1, "time": 10, "index": 0, "experimentNumber": 0, "MeasurementSystem": "B2912A", "deviceRange": [], "plotsFolder": "CurrentPlots/", "deviceDirectory": "data/C127/E/5-6/", "ParametersFormatVersion": 3, "startIndexes": {"index": 0, "experimentNumber": 0}, "StaticBias": {"saveFileName": "StaticBias", "totalBiasTime": 3600, "measurementTime": 51, "complianceCurrent": 0.0001, "delayBeforeApplyingVoltage": 0, "delayBeforeMeasurementsBegin": 0, "gateVoltageSetPoint": -15.0, "drainVoltageSetPoint": 0.5, "gateVoltageWhenDone": 0, "drainVoltageWhenDone": 0}, "Results": {"id_data": [1.5708e-10, 1.3278e-10, 1.141e-10, 1.084e-10, 9.961e-11, 9.131e-11, 8.795e-11, 8.497e-11, 8.247e-11, 7.671e-11, 7.565e-11, 7.326e-11, 7.039e-11, 6.899e-11, 6.847e-11, 6.614e-11, 6.51e-11, 6.294e-11, 6.177e-11, 6.042e-11, 5.968e-11, 6.006e-11, 5.847e-11, 5.873e-11, 5.559e-11, 5.591e-11, 5.593e-11, 5.42e-11, 5.461e-11, 5.483e-11, 5.297e-11, 5.252e-11, 5.185e-11, 4.941e-11, 5.027e-11, 5.184e-11, 5.017e-11, 4.957e-11, 4.841e-11, 4.827e-11, 4.658e-11, 4.697e-11, 4.662e-11, 4.534e-11, 4.643e-11, 4.769e-11, 4.426e-11, 4.668e-11, 4.638e-11, 4.403e-11, 4.508e-11, 4.496e-11, 4.234e-11, 4.222e-11, 4.268e-11, 4.356e-11, 4.319e-11, 4.35e-11, 4.121e-11, 4.224e-11, 4.086e-11, 4.396e-11, 4.232e-11, 4.224e-11, 4.117e-11, 4.06e-11, 4.094e-11, 3.862e-11, 4.247e-11, 3.95e-11], "ig_data": [-1.305e-09, -1.113e-09, -1.014e-09, -9.07e-10, -8.41e-10, -7.59e-10, -7.55e-10, -7.19e-10, -7.05e-10, -6.53e-10, -6.44e-10, -6.29e-10, -5.88e-10, -5.84e-10, -5.67e-10, -5.47e-10, -5.98e-10, -5.21e-10, -5.16e-10, -5.09e-10, -5.18e-10, -5.1e-10, -4.85e-10, -4.71e-10, -4.24e-10, -4.65e-10, -4.35e-10, -4.49e-10, -4.59e-10, -4.24e-10, -4.52e-10, -4.44e-10, -4.34e-10, -4.1e-10, -4.2e-10, -4.4e-10, -4.55e-10, -4.29e-10, -3.9e-10, -4.07e-10, -4.15e-10, -4.06e-10, -3.99e-10, -3.91e-10, -4.01e-10, -4.05e-10, -3.69e-10, -3.82e-10, -4.01e-10, -4.28e-10, -3.91e-10, -3.9e-10, -3.7e-10, -3.59e-10, -3.58e-10, -3.55e-10, -3.9e-10, -3.85e-10, -3.36e-10, -3.58e-10, -3.52e-10, -3.79e-10, -3.82e-10, -3.55e-10, -3.51e-10, -3.51e-10, -3.49e-10, -3.57e-10, -3.87e-10, -3.45e-10], "vds_data": [0.499999, 0.499999, 0.499999, 0.499999, 0.499999, 0.5, 0.499999, 0.499999, 0.499999, 0.499999, 0.499999, 0.499999, 0.499999, 0.499999, 0.499999, 0.499999, 0.499998, 0.499999, 0.499999, 0.499999, 0.499999, 0.499999, 0.499999, 0.499999, 0.5, 0.499999, 0.499999, 0.499999, 0.499999, 0.5, 0.499999, 0.499999, 0.499999, 0.499999, 0.499999, 0.499999, 0.499999, 0.499999, 0.499999, 0.499999, 0.499999, 0.499999, 0.499999, 0.499999, 0.499999, 0.499999, 0.499999, 0.499999, 0.499999, 0.499998, 0.499999, 0.499999, 0.499999, 0.499999, 0.499999, 0.499999, 0.499999, 0.499999, 0.499999, 0.499999, 0.499999, 0.499999, 0.499999, 0.499999, 0.499999, 0.499999, 0.499999, 0.499999, 0.499999, 0.499999], "vgs_data": [-15.0, -15.0, -15.0, -15.0, -15.0, -15.0, -15.0, -15.0, -15.0, -15.0, -15.0, -15.0, -15.0, -15.0, -15.0, -15.0, -15.0, -15.0, -15.0, -15.0, -15.0, -15.0, -15.0, -15.0, -15.0, -15.0, -15.0, -15.0, -15.0, -15.0, -15.0, -15.0, -15.0, -15.0, -15.0, -15.0, -15.0, -15.0, -15.0, -15.0, -15.0, -15.0, -15.0, -15.0, -15.0, -15.0, -15.0, -15.0, -15.0, -15.0, -15.0, -15.0, -15.0, -15.0, -15.0, -15.0, -15.0, -15.0, -15.0, -15.0, -15.0, -15.0, -15.0, -15.0, -15.0, -15.0, -15.0, -15.0, -15.0, -15.0], "timestamps": [1513021088.566602, 1513021088.733512, 1513021088.9023612, 1513021089.0666082, 1513021089.235232, 1513021089.401803, 1513021089.569458, 1513021089.736106, 1513021089.904735, 1513021090.0691252, 1513021090.237791, 1513021090.401731, 1513021090.565542, 1513021090.731571, 1513021090.898564, 1513021091.066854, 1513021091.235072, 1513021091.402393, 1513021091.5699909, 1513021091.737855, 1513021091.905142, 1513021092.072474, 1513021092.241189, 1513021092.40783, 1513021092.574612, 1513021092.739588, 1513021092.903522, 1513021093.0707352, 1513021093.2382898, 1513021093.402982, 1513021093.570914, 1513021093.739881, 1513021093.9089322, 1513021094.0757709, 1513021094.2426581, 1513021094.409338, 1513021094.576092, 1513021094.7443998, 1513021094.909617, 1513021095.076222, 1513021095.243051, 1513021095.409755, 1513021095.576558, 1513021095.7434108, 1513021095.910052, 1513021096.076694, 1513021096.2435682, 1513021096.410323, 1513021096.576941, 1513021096.743815, 1513021096.910502, 1513021097.077281, 1513021097.244194, 1513021097.410781, 1513021097.575556, 1513021097.744262, 1513021097.9133272, 1513021098.0776849, 1513021098.241602, 1513021098.407557, 1513021098.57549, 1513021098.7443578, 1513021098.913434, 1513021099.077947, 1513021099.245151, 1513021099.4090629, 1513021099.57816, 1513021099.743906, 1513021099.912031, 1513021100.078841]}, "dataFolder": "data/", "waferID": "C127"}
