gm, VT
-1.8824894988103153e-11, 3.069171701085152
-2.3511513294654243e-06, 1.3033138748066813
