{"ParametersFormatVersion": 3, "GateSweep": {"saveFileName": "GateSweep", "isFastSweep": false, "isAlternatingSweep": false, "pulsedMeasurementOnTime": 0, "pulsedMeasurementOffTime": 0, "stepsInVGSPerDirection": 100, "pointsPerVGS": 1, "complianceCurrent": 0.0001, "drainVoltageSetPoint": -0.5, "gateVoltageMinimum": -15, "gateVoltageMaximum": 15}, "BurnOut": {"saveFileName": "BurnOut", "pointsPerRamp": 50, "pointsPerHold": 50, "complianceCurrent": 0.002, "thresholdProportion": 0.8, "minimumAppliedDrainVoltage": 1.1, "gateVoltageSetPoint": 15.0, "drainVoltageMaxPoint": 10, "drainVoltagePlateaus": 10}, "AutoBurnOut": {"targetOnOffRatio": 300, "limitBurnOutsAllowed": 8, "limitOnOffRatioDegradation": 0.7}, "StaticBias": {"saveFileName": "StaticBias", "totalBiasTime": 60, "measurementTime": 10, "complianceCurrent": 0.0001, "delayBeforeApplyingVoltage": 0, "delayBeforeMeasurementsBegin": 0, "gateVoltageSetPoint": -15, "drainVoltageSetPoint": -0.5, "gateVoltageWhenDone": 0, "drainVoltageWhenDone": 0}, "AutoGateSweep": {"numberOfSweeps": 1, "applyStaticBiasBetweenSweeps": false}, "AutoStaticBias": {"numberOfStaticBiases": 1, "doInitialGateSweep": true, "applyGateSweepBetweenBiases": false, "turnChannelsOffBetweenBiases": false, "channelsOffTime": 0, "firstDelayBeforeMeasurementsBegin": 0, "numberOfBiasesBetweenIncrements": 1, "incrementStaticGateVoltage": 0, "incrementStaticDrainVoltage": 0, "incrementGateVoltageWhenDone": 0, "incrementDrainVoltageWhenDone": 0, "incrementDelayBeforeReapplyingVoltage": 0, "shuffleDelaysBeforeReapplyingVoltage": false}, "Results": {"vds_data": [[-0.500015, -0.499993, -0.500005, -0.500009, -0.499992, -0.499996, -0.499995, -0.499991, -0.500009, -0.500013, -0.499998, -0.500001, -0.49998, -0.500005, -0.499999, -0.500025, -0.499992, -0.500014, -0.499984, -0.499984, -0.500013, -0.499991, -0.500018, -0.500015, -0.500012, -0.499993, -0.500005, -0.50002, -0.499994, -0.500005, -0.499992, -0.500024, -0.499998, -0.500001, -0.500004, -0.499991, -0.500011, -0.499997, -0.499993, -0.500012, -0.499998, -0.499998, -0.500014, -0.500005, -0.500003, -0.499998, -0.500008, -0.499999, -0.500001, -0.499999, -0.5, -0.499999, -0.499985, -0.499998, -0.500001, -0.500009, -0.500001, -0.499993, -0.499998, -0.499995, -0.499993, -0.499996, -0.49999, -0.500017, -0.500001, -0.500001, -0.500004, -0.500004, -0.499999, -0.500009, -0.500004, -0.500008, -0.500008, -0.500012, -0.499999, -0.500005, -0.500002, -0.499997, -0.499996, -0.499994, -0.500002, -0.499994, -0.499996, -0.500004, -0.5, -0.499999, -0.500011, -0.49999, -0.499996, -0.49999, -0.500001, -0.500001, -0.500006, -0.499985, -0.499994, -0.500001, -0.499996, -0.499989, -0.500003, -0.499992], [-0.5, -0.500017, -0.500007, -0.499981, -0.500003, -0.500001, -0.500002, -0.499996, -0.500004, -0.500001, -0.499998, -0.499996, -0.500007, -0.499996, -0.500008, -0.49999, -0.499998, -0.499997, -0.499995, -0.49999, -0.500002, -0.500007, -0.500001, -0.499997, -0.499995, -0.500019, -0.499994, -0.500001, -0.499991, -0.500004, -0.499985, -0.500005, -0.500004, -0.499999, -0.499992, -0.499999, -0.499999, -0.499997, -0.500002, -0.500003, -0.500001, -0.499995, -0.499987, -0.499991, -0.499998, -0.499996, -0.499985, -0.500006, -0.500001, -0.499999, -0.5, -0.500001, -0.5, -0.500002, -0.50001, -0.500008, -0.499999, -0.500015, -0.499985, -0.499987, -0.499985, -0.499984, -0.499994, -0.499986, -0.499997, -0.499983, -0.499993, -0.500003, -0.500015, -0.49997, -0.500012, -0.500013, -0.500015, -0.500021, -0.49998, -0.499993, -0.499992, -0.500027, -0.500001, -0.500028, -0.499992, -0.499978, -0.500001, -0.500012, -0.499977, -0.499983, -0.500013, -0.500008, -0.500012, -0.499996, -0.500004, -0.500014, -0.500009, -0.499972, -0.500009, -0.499997, -0.499961, -0.499983, -0.499995, -0.499988]], "id_data": [[-3.69e-11, 1.7592e-10, 1.7112e-10, 2.1768e-10, -1.3887e-10, 2.5947e-10, 5.419e-11, -6.904e-11, 1.2634e-10, -2.4933e-10, -3.4085e-10, 5.9555e-10, -1.46e-12, -5.121e-11, 1.7216e-10, 1.125e-11, -2.166e-10, 3.9847e-10, 1.3691e-10, 9.084e-11, 5.52e-11, -9.835e-11, 1.6114e-10, 7.56e-11, 1.4308e-10, 2.8914e-10, 8.062e-11, -2.8335e-10, -4.56e-11, -3.4489e-10, -6.419e-11, -8.62e-12, 1.8522e-10, 1.5227e-10, -2.9802e-10, 3.7066e-10, 2.3583e-10, 1.2316e-10, 3.137e-11, 6.2e-13, 3.7719e-10, -2.0084e-10, -2.0965e-10, 2.799e-11, 2.06e-12, -3.8048e-10, -9.105e-11, 1.97e-12, -6.39e-12, -2.027e-11, -2.887e-11, -3.636e-11, 7.703e-11, -1.7333e-10, -1.797e-11, -5.316e-11, -1.0009e-10, 1.418e-11, -4.42e-11, -8.077e-11, 1.662e-11, -1.6021e-10, -9.59e-11, -2.035e-11, -2.2369e-10, -6.432e-11, -2.346e-10, 3.026e-11, -2.184e-11, -4.929e-11, -6.165e-11, 6.332e-11, -5.51e-12, -8.153e-11, -1.311e-10, -1.659e-11, 5.695e-11, -3.729e-11, -1.3429e-10, -3.513e-11, -7.989e-11, 9.612e-11, -5.714e-11, -9.121e-11, 3.876e-11, -1.4136e-10, -8.491e-11, -8.41e-11, -8.91e-11, -1.7937e-10, -5.049e-11, 6.294e-11, 3.77e-12, -5.185e-11, 1.7006e-10, -1.4214e-10, 1.041e-10, -2.815e-11, 2.092e-11, -3.126e-11], [-1.375e-10, -4.174e-11, -2.7033e-10, -3.032e-11, -3.543e-11, -5.961e-11, -9.052e-11, 7.626e-11, 1.1963e-10, -6.142e-11, -6.91e-12, -3.636e-11, 2.54e-11, -2.122e-11, -1.8857e-10, -4.522e-11, 2.12e-12, 3.235e-11, -1.6784e-10, 6.7e-13, -1.2218e-10, 6.404e-11, 1.583e-11, 1.2e-12, -3.7e-12, -2.6511e-10, 3.311e-11, 3.8e-11, -1.0134e-10, 1.5672e-10, 1.0207e-10, -7.617e-11, 2.204e-11, -2.3623e-10, 1.223e-10, 1.2416e-10, -4.9e-13, -7.641e-11, 9.806e-11, -9.862e-11, -6.501e-11, -1.023e-10, 2.2951e-10, -7.333e-11, 5.556e-11, 2.357e-11, -1.1864e-10, -1.2343e-10, -2.62e-12, -3.6e-13, 2.045e-11, 3.599e-11, 4.721e-11, -1.1967e-10, -8.59e-12, -1.551e-10, 6.315e-11, -5.912e-11, 2.5058e-10, 3.9896e-10, 1.7087e-10, 8.535e-11, 2.049e-11, 9.346e-11, 2.9428e-10, -2.491e-10, -9.115e-11, 2.2956e-10, -3.9167e-10, 9.636e-11, -3.033e-11, 3.6633e-10, 3.5398e-10, -2.3276e-10, -2.6583e-10, -1.9073e-10, 1.2397e-10, 1.946e-11, 1.8373e-10, -3.537e-10, -1.4971e-10, 9.744e-11, -1.3236e-10, -1.9828e-10, 1.743e-10, -1.0304e-10, 2.5739e-10, -6.27e-12, -1.339e-11, -9.34e-11, 1.617e-11, -1.3009e-10, 8.542e-11, -2.1017e-10, 4.475e-11, 9.327e-11, -2.7062e-10, 6.337e-11, -2.71e-12, -1.5628e-10]],