{"ParametersFormatVersion": 3, "GateSweep": {"saveFileName": "GateSweep", "isFastSweep": false, "isAlternatingSweep": false, "pulsedMeasurementOnTime": 0, "pulsedMeasurementOffTime": 0, "stepsInVGSPerDirection": 100, "pointsPerVGS": 1, "complianceCurrent": 0.0001, "drainVoltageSetPoint": -0.5, "gateVoltageMinimum": -15, "gateVoltageMaximum": 15}, "BurnOut": {"saveFileName": "BurnOut", "pointsPerRamp": 50, "pointsPerHold": 50, "complianceCurrent": 0.002, "thresholdProportion": 0.8, "minimumAppliedDrainVoltage": 1.1, "gateVoltageSetPoint": 15.0, "drainVoltageMaxPoint": 10, "drainVoltagePlateaus": 10}, "AutoBurnOut": {"targetOnOffRatio": 300, "limitBurnOutsAllowed": 8, "limitOnOffRatioDegradation": 0.7}, "StaticBias": {"saveFileName": "StaticBias", "totalBiasTime": 60, "measurementTime": 10, "complianceCurrent": 0.0001, "delayBeforeApplyingVoltage": 0, "delayBeforeMeasurementsBegin": 0, "gateVoltageSetPoint": -15, "drainVoltageSetPoint": -0.5, "gateVoltageWhenDone": 0, "drainVoltageWhenDone": 0}, "AutoGateSweep": {"numberOfSweeps": 1, "applyStaticBiasBetweenSweeps": false}, "AutoStaticBias": {"numberOfStaticBiases": 1, "doInitialGateSweep": true, "applyGateSweepBetweenBiases": false, "turnChannelsOffBetweenBiases": false, "channelsOffTime": 0, "firstDelayBeforeMeasurementsBegin": 0, "numberOfBiasesBetweenIncrements": 1, "incrementStaticGateVoltage": 0, "incrementStaticDrainVoltage": 0, "incrementGateVoltageWhenDone": 0, "incrementDrainVoltageWhenDone": 0, "incrementDelayBeforeReapplyingVoltage": 0, "shuffleDelaysBeforeReapplyingVoltage": false}, "Results": {"vds_data": [[-0.475158, -0.475161, -0.475175, -0.475153, -0.475182, -0.475176, -0.475176, -0.47519, -0.475178, -0.475203, -0.475203, -0.475178, -0.475217, -0.475208, -0.475215, -0.475208, -0.475209, -0.475196, -0.475189, -0.475179, -0.475189, -0.475187, -0.475218, -0.475206, -0.475196, -0.475185, -0.475173, -0.4752, -0.475199, -0.475191, -0.475178, -0.475173, -0.475189, -0.475185, -0.475161, -0.475178, -0.475155, -0.475159, -0.475176, -0.475177, -0.475176, -0.475163, -0.475202, -0.475196, -0.475162, -0.475193, -0.475188, -0.475155, -0.475173, -0.475154, -0.47515, -0.475126, -0.475169, -0.475172, -0.47518, -0.475156, -0.475168, -0.475148, -0.475137, -0.475131, -0.475129, -0.475115, -0.475187, -0.475149, -0.47515, -0.475169, -0.475175, -0.475192, -0.475144, -0.475131, -0.47511, -0.475108, -0.475134, -0.475138, -0.475145, -0.475125, -0.475129, -0.475152, -0.47516, -0.475166, -0.475129, -0.475138, -0.475121, -0.475103, -0.475112, -0.475115, -0.475151, -0.475084, -0.475114, -0.475112, -0.475142, -0.475108, -0.475129, -0.475097, -0.475104, -0.475141, -0.475148, -0.4752, -0.47521, -0.475185], [-0.475163, -0.475163, -0.475174, -0.475173, -0.475187, -0.475175, -0.475164, -0.475155, -0.475144, -0.475153, -0.47516, -0.475182, -0.475186, -0.475178, -0.475108, -0.475112, -0.475105, -0.475128, -0.475132, -0.475157, -0.475155, -0.475149, -0.475116, -0.475109, -0.475122, -0.475102, -0.475112, -0.475124, -0.475126, -0.475129, -0.475105, -0.475093, -0.475126, -0.475097, -0.47509, -0.475106, -0.475128, -0.475072, -0.475089, -0.475075, -0.47511, -0.47511, -0.475084, -0.475099, -0.475091, -0.47509, -0.475122, -0.475123, -0.475122, -0.475134, -0.47515, -0.47515, -0.475145, -0.475149, -0.475131, -0.475124, -0.475132, -0.475128, -0.475146, -0.475138, -0.475153, -0.47517, -0.475139, -0.475141, -0.475117, -0.475112, -0.47513, -0.475156, -0.47513, -0.475161, -0.475158, -0.475152, -0.475168, -0.475214, -0.4752, -0.475172, -0.475168, -0.475175, -0.475193, -0.475182, -0.475165, -0.475183, -0.475202, -0.475167, -0.475176, -0.475164, -0.47516, -0.475204, -0.475185, -0.475196, -0.475195, -0.475197, -0.475212, -0.47521, -0.475185, -0.475205, -0.475178, -0.475168, -0.47517, -0.475174]], "id_data": [[-0.0001, -0.0001, -0.0001, -0.0001, -0.0001, -0.0001, -0.0001, -0.0001, -0.0001, -0.0001, -0.0001, -0.0001, -0.0001, -0.0001, -0.0001, -0.0001, -0.0001, -0.0001, -0.0001, -0.0001, -0.0001, -0.0001, -0.0001, -0.0001, -0.0001, -0.0001, -0.0001, -0.0001, -0.0001, -0.0001, -0.0001, -0.0001, -0.0001, -0.0001, -0.0001, -0.0001, -0.0001, -0.0001, -0.0001, -0.0001, -0.0001, -0.0001, -0.0001, -0.0001, -0.0001, -0.0001, -0.0001, -0.0001, -0.0001, -0.0001, -0.0001, -0.0001, -0.0001, -0.0001, -0.0001, -0.0001, -0.0001, -0.0001, -0.0001, -0.0001, -0.0001, -0.0001, -0.0001, -0.0001, -0.0001, -0.0001, -0.0001, -0.0001, -0.0001, -0.0001, -0.0001, -0.0001, -0.0001, -0.0001, -0.0001, -0.0001, -0.0001, -0.0001, -0.0001, -0.0001, -0.0001, -0.0001, -0.0001, -0.0001, -0.0001, -0.0001, -0.0001, -0.0001, -0.0001, -0.0001, -0.0001, -0.0001, -0.0001, -0.0001, -0.0001, -0.0001, -0.0001, -0.0001, -0.0001, -0.0001], [-0.0001, -0.0001, -0.0001, -0.0001, -0.0001, -0.0001, -0.0001, -0.0001, -0.0001, -0.0001, -0.0001, -0.0001, -0.0001, -0.0001, -0.0001, -0.0001, -0.0001, -0.0001, -0.0001, -0.0001, -0.0001, -0.0001, -0.0001, -0.0001, -0.0001, -0.0001, -0.0001, -0.0001, -0.0001, -0.0001, -0.0001, -0.0001, -0.0001, -0.0001, -0.0001, -0.0001, -0.0001, -0.0001, -0.0001, -0.0001, -0.0001, -0.0001, -0.0001, -0.0001, -0.0001, -0.0001, -0.0001, -0.0001, -0.0001, -0.0001, -0.0001, -0.0001, -0.0001, -0.0001, -0.0001, -0.0001, -0.0001, -0.0001, -0.0001, -0.0001, -0.0001, -0.0001, -0.0001, -0.0001, -0.0001, -0.0001, -0.0001, -0.0001, -0.0001, -0.0001, -0.0001, -0.0001, -0.0001, -0.0001, -0.0001, -0.0001, -0.0001, -0.0001, -0.0001, -0.0001, -0.0001, -0.0001, -0.0001, -0.0001, -0.0001, -0.0001, -0.0001, -0.0001, -0.0001, -0.0001, -0.0001, -0.0001, -0.0001, -0.0001, -0.0001, -0.0001, -0.0001, -0.0001, -0.0001, -0.0001]], "vgs_data": [[-15.00001, -14.69697, -14.39395, -14.09091, -13.78788, -13.48485, -13.18182, -12.87879, -12.57577, -12.27273, -11.96971, -11.66668, -11.36364, -11.06062, -10.75759, -10.45456, -10.15153, -9.84849, -9.54545, -9.24242, -8.9394, -8.63636, -8.33334, -8.0303, -7.72728, -7.42423, -7.12121, -6.81818, -6.51515, -6.21212, -5.90909, -5.60607, -5.30304, -5.00001, -4.69698, -4.39394, -4.09091, -3.78789, -3.48486, -3.18182, -2.8788, -2.57576, -2.27273, -1.969696, -1.666667, -1.363635, -1.060607, -0.757577, -0.454544, -0.1515149, 0.1515154, 0.454546, 0.757575, 1.060605, 1.363636, 1.666667, 1.969697, 2.27273, 2.57576, 2.87878, 3.18182, 3.48485, 3.78787, 4.0909, 4.39394, 4.69696, 5.0, 5.30302, 5.60606, 5.90909, 6.21212, 6.51515, 6.81817, 7.1212, 7.42423, 7.72726, 8.0303, 8.33333, 8.63635, 8.93939, 9.24241, 9.54544, 9.84848, 10.15151, 10.45454, 10.75757, 11.06061, 11.36363, 11.66668, 11.96969, 12.27272, 12.57576, 12.87879, 13.18181, 13.48484, 13.78788, 14.0909, 14.39393, 14.69696, 14.99999], [14.99999, 14.69697, 14.39394, 14.0909, 13.78787, 13.48485, 13.18182, 12.87879, 12.57575, 12.27272, 11.9697, 11.66666, 11.36364, 11.06061, 10.75757, 10.45455, 10.15152, 9.84848, 9.54544, 9.24242, 8.93938, 8.63635, 8.33333, 8.03029, 7.72726, 7.42424, 7.12121, 6.81817, 6.51515, 6.21211, 5.90909, 5.60606, 5.30303, 4.99999, 4.69696, 4.39394, 4.0909, 3.78787, 3.48485, 3.18181, 2.87878, 2.57575, 2.27273, 1.969697, 1.666667, 1.363635, 1.060605, 0.757575, 0.454545, 0.1515151, -0.1515154, -0.454545, -0.757577, -1.060606, -1.363637, -1.666667, -1.969697, -2.27273, -2.57577, -2.8788, -3.18182, -3.48486, -3.78788, -4.09092, -4.39394, -4.69698, -5.00001, -5.30303, -5.60605, -5.90909, -6.21213, -6.51515, -6.81819, -7.12121, -7.42425, -7.72728, -8.03031, -8.33334, -8.63636, -8.9394, -9.24242, -9.54546, -9.84849, -10.15153, -10.45456, -10.75758, -11.06061, -11.36364, -11.66667, -11.96971, -12.27273, -12.57577, -12.8788, -13.18182, -13.48486, -13.78788, -14.09091, -14.39394, -14.69698, -15.00001]],