{"runType": "GateSweep", "chipID": "P", "deviceID": "7-8", "dataFolder": "data/", "plotsFolder": "CurrentPlots/", "postFigures": true, "NPLC": 1, "deviceDirectory": "data/C127/P/7-8/", "startIndexes": {"index": 0, "experimentNumber": 1}, "index": 0, "experimentNumber": 1, "MeasurementSystem": "B2912A", "deviceRange": [], "ParametersFormatVersion": 3, "GateSweep": {"saveFileName": "GateSweep", "isFastSweep": false, "isAlternatingSweep": false, "pulsedMeasurementOnTime": 0, "pulsedMeasurementOffTime": 0, "stepsInVGSPerDirection": 16, "pointsPerVGS": 3, "complianceCurrent": 0.0001, "drainVoltageSetPoint": 0.5, "gateVoltageMinimum": -15.0, "gateVoltageMaximum": 15.0}, "Results": {"id_data": [[9.1735e-09, 4.48854e-09, 3.78898e-09, 1.751e-11, 2.81e-12, 8.872e-11, 5.551e-11, 5.937e-11, 6.773e-11, -1.3e-13, 2.805e-11, 3.216e-11, -2.372e-11, 8.63e-12, 1.507e-11, -4.292e-11, -2.273e-11, -7.52e-12, -6.595e-11, -3.473e-11, -6.72e-12, -6.843e-11, -3.769e-11, -2.585e-11, -8.77e-11, -5.186e-11, -4.117e-11, -1.0296e-10, -6.971e-11, -5.781e-11, -1.2375e-10, -8.677e-11, -7.643e-11, -1.2675e-10, -9.644e-11, -8.582e-11, -1.2905e-10, -9.519e-11, -8.242e-11, -1.2179e-10, -9.842e-11, -9.027e-11, -1.5116e-10, -1.1904e-10, -1.0485e-10, -1.6479e-10, -1.3141e-10, -1.176e-10], [-1.082e-10, -1.0424e-10, -8.983e-11, -1.975e-11, -5.35e-11, -5.767e-11, 7.62e-12, -2e-11, -2.901e-11, 3.294e-11, 4.88e-12, -6.25e-12, 3.46e-11, -4.24e-12, -5.32e-12, 5.698e-11, 2.378e-11, 1.648e-11, 7.378e-11, 4.107e-11, 2.733e-11, 9.272e-11, 5.634e-11, 4.593e-11, 1.0078e-10, 7.107e-11, 5.804e-11, 1.1513e-10, 8.664e-11, 7.058e-11, 1.3078e-10, 9.476e-11, 8.974e-11, 1.4074e-10, 1.0996e-10, 1.0153e-10, 1.5161e-10, 1.2363e-10, 1.126e-10, 1.6787e-10, 1.314e-10, 1.2259e-10, 1.7853e-10, 1.4696e-10, 1.2545e-10, 1.9123e-10, 1.5626e-10, 1.3908e-10]], "ig_data": [[-1.0809e-08, -5.518e-09, -4.472e-09, 8.89e-10, 5.86e-10, 3.37e-10, 5.928e-09, -3.2e-11, -2.57e-10, 3.03e-10, -3.9e-11, -1.07e-10, 4.65e-10, 8.4e-11, 7e-12, 5.94e-10, 3.14e-10, 1.81e-10, 7.3e-10, 4.07e-10, 1.28e-10, 7.32e-10, 3.97e-10, 2.67e-10, 8.57e-10, 4.84e-10, 3.76e-10, 9.51e-10, 6.08e-10, 4.79e-10, 1.174e-09, 7.17e-10, 5.95e-10, 1.472e-09, 8.13e-10, 6.78e-10, 1.95e-09, 7.19e-10, 6.06e-10, 9.58e-10, 7.2e-10, 6.45e-10, 1.619e-09, 8.65e-10, 7.48e-10, 1.5e-09, 9.45e-10, 8.07e-10], [7.39e-10, 7.03e-10, 5.87e-10, -1.17e-10, 2.45e-10, 2.85e-10, -3.36e-10, 7e-12, 6.8e-11, -5.12e-10, -1.92e-10, -8.4e-11, -4.29e-10, -4.5e-11, -1.6e-11, -6.21e-10, -2.58e-10, -1.56e-10, -7.29e-10, -3.96e-10, -2.85e-10, -8.71e-10, -5e-10, -3.89e-10, -9.4e-10, -5.88e-10, -4.62e-10, -1.023e-09, -6.89e-10, -5.64e-10, -1.12e-09, -7.69e-10, -6.8e-10, -1.211e-09, -8.76e-10, -7.46e-10, -1.278e-09, -9.73e-10, -8.39e-10, -1.375e-09, -9.81e-10, -8.56e-10, -1.394e-09, -1.075e-09, -9.05e-10, -1.409e-09, -1.126e-09, -9.38e-10]], "vds_data": [[0.500024, 0.500001, 0.500003, 0.5, 0.499999, 0.5, 0.499999, 0.499999, 0.499999, 0.499999, 0.499999, 0.499999, 0.499999, 0.499999, 0.499999, 0.5, 0.5, 0.5, 0.499998, 0.499999, 0.499999, 0.499999, 0.499999, 0.499999, 0.499999, 0.499999, 0.499999, 0.499999, 0.499999, 0.499999, 0.499999, 0.499999, 0.499999, 0.499999, 0.499999, 0.499999, 0.499999, 0.499999, 0.499999, 0.5, 0.500001, 0.500001, 0.499999, 0.499999, 0.499999, 0.499999, 0.499999, 0.499999], [0.499999, 0.499999, 0.499999, 0.5, 0.5, 0.5, 0.500001, 0.500001, 0.5, 0.5, 0.500001, 0.5, 0.500001, 0.5, 0.5, 0.5, 0.499999, 0.499999, 0.5, 0.499999, 0.499999, 0.500001, 0.500001, 0.5, 0.5, 0.500001, 0.5, 0.500001, 0.500001, 0.5, 0.5, 0.499999, 0.499999, 0.499999, 0.499999, 0.499999, 0.499999, 0.499999, 0.499999, 0.5, 0.5, 0.500001, 0.5, 0.499999, 0.499999, 0.499999, 0.499999, 0.499999]], "vgs_data": [[-15.0, -15.0, -15.0, -13.0, -13.0, -13.0, -11.0, -11.0, -11.0, -9.0, -9.0, -9.0, -7.0, -7.0, -7.0, -5.0, -5.0, -5.0, -3.0, -3.0, -3.0, -1.0, -1.0, -1.0, 1.0, 1.0, 1.0, 3.0, 3.0, 3.0, 5.0, 5.0, 5.0, 7.0, 7.0, 7.0, 9.0, 9.0, 9.0, 11.0, 11.0, 11.0, 12.99999, 12.99999, 12.99999, 15.0, 15.0, 15.0], [15.0, 15.0, 15.0, 12.99999, 12.99999, 12.99999, 11.0, 11.0, 11.0, 9.0, 9.0, 9.0, 7.0, 7.0, 7.0, 5.0, 5.0, 5.0, 3.0, 3.0, 3.0, 1.0, 1.0, 1.0, -1.0, -1.0, -1.0, -3.0, -3.0, -3.0, -5.0, -5.0, -5.0, -7.0, -7.0, -7.0, -9.0, -9.0, -9.0, -11.0, -11.0, -11.0, -13.0, -13.0, -13.0, -15.0, -15.0, -15.0]], "timestamps": [[1517510655.9070177, 1517510656.01104, 1517510656.0811305, 1517510656.1811368, 1517510656.2511432, 1517510656.3211455, 1517510656.421155, 1517510656.4911604, 1517510656.551162, 1517510656.6411724, 1517510656.711177, 1517510656.7813342, 1517510656.8811896, 1517510656.9811985, 1517510657.0512018, 1517510657.141207, 1517510657.2012107, 1517510657.2612183, 1517510657.341225, 1517510657.4012303, 1517510657.696289, 1517510657.806299, 1517510657.8763022, 1517510657.9763112, 1517510658.0963178, 1517510658.1763287, 1517510658.2463295, 1517510658.336335, 1517510658.3963408, 1517510658.4763474, 1517510658.5563526, 1517510658.6163578, 1517510658.6863651, 1517510658.7663686, 1517510658.8263726, 1517510658.886513, 1517510659.1604333, 1517510659.250459, 1517510659.3506176, 1517510659.500476, 1517510659.6004877, 1517510659.6604874, 1517510659.7504911, 1517510659.830497, 1517510659.9005055, 1517510660.0105128, 1517510660.0805206, 1517510660.1505237], [1517510660.2205288, 1517510660.280533, 1517510660.5505567, 1517510660.6605678, 1517510660.7766318, 1517510660.8866413, 1517510661.0166469, 1517510661.0866513, 1517510661.1466568, 1517510661.2366643, 1517510661.296671, 1517510661.3566718, 1517510661.4866824, 1517510661.8068316, 1517510661.9167218, 1517510662.0367284, 1517510662.1367362, 1517510662.2267432, 1517510662.3619318, 1517510662.4519315, 1517510662.5319357, 1517510662.6319432, 1517510662.7019494, 1517510662.7819555, 1517510662.8819633, 1517510662.962142, 1517510663.0319772, 1517510663.1119833, 1517510663.1819892, 1517510663.2419922, 1517510663.3319993, 1517510663.392004, 1517510663.4520109, 1517510663.5520158, 1517510663.6120195, 1517510663.6620224, 1517510663.7420306, 1517510663.8020349, 1517510663.8520389, 1517510663.934664, 1517510664.0146716, 1517510664.0646727, 1517510664.1546783, 1517510664.2046826, 1517510664.2846894, 1517510664.3646965, 1517510664.4247015, 1517510664.504708]], "gateVoltages": [[-15.0, -15.0, -15.0, -13.0, -13.0, -13.0, -11.0, -11.0, -11.0, -9.0, -9.0, -9.0, -7.0, -7.0, -7.0, -5.0, -5.0, -5.0, -3.0, -3.0, -3.0, -1.0, -1.0, -1.0, 1.0, 1.0, 1.0, 3.0, 3.0, 3.0, 5.0, 5.0, 5.0, 7.0, 7.0, 7.0, 9.0, 9.0, 9.0, 11.0, 11.0, 11.0, 13.0, 13.0, 13.0, 15.0, 15.0, 15.0], [15.0, 15.0, 15.0, 13.0, 13.0, 13.0, 11.0, 11.0, 11.0, 9.0, 9.0, 9.0, 7.0, 7.0, 7.0, 5.0, 5.0, 5.0, 3.0, 3.0, 3.0, 1.0, 1.0, 1.0, -1.0, -1.0, -1.0, -3.0, -3.0, -3.0, -5.0, -5.0, -5.0, -7.0, -7.0, -7.0, -9.0, -9.0, -9.0, -11.0, -11.0, -11.0, -13.0, -13.0, -13.0, -15.0, -15.0, -15.0]], "onOffRatio": 784.842210220189, "onCurrent": 4.722787999999987e-09, "offCurrent": 6.0175e-12}, "waferID": "C127"}
{"runType": "GateSweep", "chipID": "P", "deviceID": "7-8", "dataFolder": "data/", "plotsFolder": "CurrentPlots/", "postFigures": true, "NPLC": 1, "deviceDirectory": "data/C127/P/7-8/", "startIndexes": {"index": 1, "experimentNumber": 2}, "index": 1, "experimentNumber": 2, "MeasurementSystem": "B2912A", "deviceRange": [], "ParametersFormatVersion": 3, "GateSweep": {"saveFileName": "GateSweep", "isFastSweep": false, "isAlternatingSweep": false, "pulsedMeasurementOnTime": 0, "pulsedMeasurementOffTime": 0, "stepsInVGSPerDirection": 16, "pointsPerVGS": 3, "complianceCurrent": 0.0001, "drainVoltageSetPoint": 0.5, "gateVoltageMinimum": -15.0, "gateVoltageMaximum": 15.0},