{"ParametersFormatVersion": 3, "GateSweep": {"saveFileName": "GateSweep", "isFastSweep": false, "isAlternatingSweep": false, "pulsedMeasurementOnTime": 0, "pulsedMeasurementOffTime": 0, "stepsInVGSPerDirection": 100, "pointsPerVGS": 1, "complianceCurrent": 0.0001, "drainVoltageSetPoint": -0.5, "gateVoltageMinimum": -15, "gateVoltageMaximum": 15}, "BurnOut": {"saveFileName": "BurnOut", "pointsPerRamp": 50, "pointsPerHold": 50, "complianceCurrent": 0.002, "thresholdProportion": 0.8, "minimumAppliedDrainVoltage": 1.1, "gateVoltageSetPoint": 15.0, "drainVoltageMaxPoint": 10, "drainVoltagePlateaus": 10}, "AutoBurnOut": {"targetOnOffRatio": 300, "limitBurnOutsAllowed": 8, "limitOnOffRatioDegradation": 0.7}, "StaticBias": {"saveFileName": "StaticBias", "totalBiasTime": 60, "measurementTime": 10, "complianceCurrent": 0.0001, "delayBeforeApplyingVoltage": 0, "delayBeforeMeasurementsBegin": 0, "gateVoltageSetPoint": -15, "drainVoltageSetPoint": -0.5, "gateVoltageWhenDone": 0, "drainVoltageWhenDone": 0}, "AutoGateSweep": {"numberOfSweeps": 1, "applyStaticBiasBetweenSweeps": false}, "AutoStaticBias": {"numberOfStaticBiases": 1, "doInitialGateSweep": true, "applyGateSweepBetweenBiases": false, "turnChannelsOffBetweenBiases": false, "channelsOffTime": 0, "firstDelayBeforeMeasurementsBegin": 0, "numberOfBiasesBetweenIncrements": 1, "incrementStaticGateVoltage": 0, "incrementStaticDrainVoltage": 0, "incrementGateVoltageWhenDone": 0, "incrementDrainVoltageWhenDone": 0, "incrementDelayBeforeReapplyingVoltage": 0, "shuffleDelaysBeforeReapplyingVoltage": false}, "Results": {"vds_data": [[-0.500004, -0.500006, -0.500004, -0.499998, -0.499996, -0.500003, -0.500005, -0.500005, -0.499999, -0.500002, -0.499999, -0.500006, -0.499997, -0.500001, -0.499997, -0.499998, -0.499998, -0.500004, -0.499998, -0.499995, -0.500001, -0.499997, -0.499982, -0.500006, -0.500001, -0.5, -0.499999, -0.499999, -0.500001, -0.499994, -0.499998, -0.499998, -0.500008, -0.500001, -0.500003, -0.499995, -0.5, -0.5, -0.500005, -0.499997, -0.500002, -0.500008, -0.499998, -0.499998, -0.500004, -0.500001, -0.500001, -0.5, -0.5, -0.500001, -0.5, -0.499999, -0.499999, -0.499998, -0.5, -0.5, -0.499998, -0.500003, -0.500002, -0.500001, -0.5, -0.499998, -0.5, -0.499999, -0.500002, -0.5, -0.500001, -0.5, -0.5, -0.5, -0.500001, -0.5, -0.5, -0.5, -0.500001, -0.500003, -0.499998, -0.500002, -0.500001, -0.5, -0.500001, -0.500002, -0.499999, -0.500001, -0.499998, -0.500012, -0.499999, -0.499998, -0.500001, -0.500001, -0.499999, -0.500001, -0.500001, -0.5, -0.500001, -0.500001, -0.5, -0.5, -0.5, -0.5], [-0.500004, -0.5, -0.500001, -0.499999, -0.5, -0.500001, -0.5, -0.500001, -0.499998, -0.5, -0.500004, -0.5, -0.500001, -0.500002, -0.5, -0.499998, -0.5, -0.5, -0.5, -0.500001, -0.500001, -0.5, -0.5, -0.500001, -0.5, -0.500001, -0.499999, -0.5, -0.5, -0.5, -0.500001, -0.500001, -0.5, -0.500001, -0.500001, -0.499999, -0.5, -0.500001, -0.500001, -0.499999, -0.499999, -0.500003, -0.5, -0.499999, -0.500001, -0.5, -0.500001, -0.500001, -0.499999, -0.500002, -0.500001, -0.5, -0.5, -0.5, -0.500001, -0.499996, -0.500006, -0.499991, -0.500004, -0.500008, -0.500002, -0.499997, -0.499998, -0.499999, -0.499997, -0.500005, -0.499996, -0.499992, -0.499995, -0.499991, -0.499998, -0.499997, -0.499989, -0.500002, -0.499991, -0.499992, -0.500005, -0.500006, -0.5, -0.500004, -0.500009, -0.500001, -0.5, -0.499999, -0.500004, -0.5, -0.499996, -0.499997, -0.499996, -0.50001, -0.499989, -0.500001, -0.499994, -0.499996, -0.500003, -0.499998, -0.499996, -0.499999, -0.49999, -0.499996]], "id_data": [[7.10472e-08, 7.09394e-08, 7.1704e-08, 7.0809e-08, 7.01441e-08, 7.03022e-08, 7.04526e-08, 7.0419e-08, 7.05425e-08, 7.03383e-08, 7.04672e-08, 7.02026e-08, 7.03137e-08, 7.04408e-08, 7.00226e-08, 7.00733e-08, 7.00688e-08, 7.01107e-08, 7.00677e-08, 7.03692e-08, 7.0438e-08, 7.04153e-08, 6.99374e-08, 7.04271e-08, 7.09875e-08, 7.06655e-08, 7.01972e-08, 7.05908e-08, 6.97969e-08, 6.9896e-08, 7.04835e-08, 6.9942e-08, 6.95854e-08, 6.95601e-08, 6.96876e-08, 6.91444e-08, 6.93345e-08, 6.92162e-08, 6.95652e-08, 6.91817e-08, 6.93514e-08, 6.94047e-08, 6.97565e-08, 6.91663e-08, 4.45218e-08, 2.07346e-08, 7.81705e-09, 1.40626e-09, -8.387e-11, -6.7677e-10, -2.63835e-09, -6.06934e-09, -1.89428e-08, -8.03682e-08, -2.82289e-07, -7.88052e-07, -7.85408e-07, -7.75172e-07, -8.12739e-07, -7.89979e-07, -7.96576e-07, -7.89162e-07, -8.06972e-07, -7.81821e-07, -7.73139e-07, -7.72158e-07, -7.65318e-07, -7.71449e-07, -7.71162e-07, -7.76508e-07, -7.60707e-07, -7.66183e-07, -7.63767e-07, -7.67285e-07, -7.87302e-07, -8.07458e-07, -8.68887e-07, -8.44277e-07, -8.71086e-07, -8.65744e-07, -8.56734e-07, -8.60405e-07, -1.016076e-06, -1.008867e-06, -1.00807e-06, -9.88365e-07, -8.84862e-07, -9.05544e-07, -8.72626e-07, -8.8384e-07, -8.99216e-07, -8.7735e-07, -8.77576e-07, -8.7922e-07, -8.87999e-07, -8.73425e-07, -8.72692e-07, -8.68376e-07, -8.76362e-07, -8.95751e-07], [-8.84961e-07, -8.55585e-07, -8.47228e-07, -8.48684e-07, -8.3639e-07, -8.39983e-07, -8.31612e-07, -8.1591e-07, -8.54408e-07, -8.74228e-07, -8.96552e-07, -9.01917e-07, -9.05763e-07, -8.96096e-07, -9.11704e-07, -9.28434e-07, -9.2439e-07, -9.26824e-07, -9.15493e-07, -9.24265e-07, -9.19201e-07, -9.20869e-07, -9.28069e-07, -9.31348e-07, -9.07475e-07, -9.03341e-07, -9.02761e-07, -9.02879e-07, -9.03568e-07, -9.02954e-07, -8.98858e-07, -8.93458e-07, -8.81929e-07, -8.79924e-07, -9.24885e-07, -9.33822e-07, -9.25033e-07, -9.12893e-07, -9.32207e-07, -8.91019e-07, -9.28122e-07, -9.95989e-07, -9.56022e-07, -9.62607e-07, -9.4445e-07, -5.1735e-07, -2.36197e-07, -8.6207e-08, -2.7379e-08, -1.10259e-08, -2.60093e-09, -4.496e-11, 9.7829e-10, 5.63456e-09, 1.77143e-08, 4.27493e-08, 6.69441e-08, 6.61186e-08, 6.93825e-08, 6.84122e-08, 6.93376e-08, 7.08628e-08, 7.01416e-08, 6.92189e-08, 6.87083e-08, 6.99103e-08, 7.00082e-08, 7.25843e-08, 7.12656e-08, 7.08353e-08, 7.1517e-08, 7.06807e-08, 7.00237e-08, 7.01391e-08, 7.0627e-08, 7.0481e-08, 6.92289e-08, 6.86627e-08, 6.81494e-08, 6.84694e-08, 6.8484e-08, 6.76297e-08, 6.70423e-08, 6.75746e-08, 6.74021e-08, 6.69192e-08, 6.74853e-08, 6.78159e-08, 6.82137e-08, 6.84595e-08, 7.04624e-08, 7.04477e-08, 7.32115e-08, 7.19925e-08, 7.0451e-08, 7.1248e-08, 7.14789e-08, 7.1922e-08, 7.20067e-08, 7.28772e-08]],