{"ParametersFormatVersion": 3, "GateSweep": {"saveFileName": "GateSweep", "isFastSweep": false, "isAlternatingSweep": false, "pulsedMeasurementOnTime": 0, "pulsedMeasurementOffTime": 0, "stepsInVGSPerDirection": 100, "pointsPerVGS": 1, "complianceCurrent": 0.0001, "drainVoltageSetPoint": -0.5, "gateVoltageMinimum": -15, "gateVoltageMaximum": 15}, "BurnOut": {"saveFileName": "BurnOut", "pointsPerRamp": 50, "pointsPerHold": 50, "complianceCurrent": 0.002, "thresholdProportion": 0.8, "minimumAppliedDrainVoltage": 1.1, "gateVoltageSetPoint": 15.0, "drainVoltageMaxPoint": 10, "drainVoltagePlateaus": 10}, "AutoBurnOut": {"targetOnOffRatio": 300, "limitBurnOutsAllowed": 8, "limitOnOffRatioDegradation": 0.7}, "StaticBias": {"saveFileName": "StaticBias", "totalBiasTime": 60, "measurementTime": 10, "complianceCurrent": 0.0001, "delayBeforeApplyingVoltage": 0, "delayBeforeMeasurementsBegin": 0, "gateVoltageSetPoint": -15, "drainVoltageSetPoint": -0.5, "gateVoltageWhenDone": 0, "drainVoltageWhenDone": 0}, "AutoGateSweep": {"numberOfSweeps": 1, "applyStaticBiasBetweenSweeps": false}, "AutoStaticBias": {"numberOfStaticBiases": 1, "doInitialGateSweep": true, "applyGateSweepBetweenBiases": false, "turnChannelsOffBetweenBiases": false, "channelsOffTime": 0, "firstDelayBeforeMeasurementsBegin": 0, "numberOfBiasesBetweenIncrements": 1, "incrementStaticGateVoltage": 0, "incrementStaticDrainVoltage": 0, "incrementGateVoltageWhenDone": 0, "incrementDrainVoltageWhenDone": 0, "incrementDelayBeforeReapplyingVoltage": 0, "shuffleDelaysBeforeReapplyingVoltage": false}, "Results": {"vds_data": [[-0.500001, -0.500001, -0.500001, -0.500001, -0.500001, -0.500001, -0.500001, -0.500001, -0.500001, -0.500001, -0.500001, -0.500001, -0.500001, -0.500001, -0.500001, -0.500001, -0.500001, -0.500001, -0.500001, -0.500001, -0.500001, -0.500001, -0.500001, -0.500001, -0.500001, -0.500001, -0.500001, -0.500001, -0.500001, -0.500001, -0.500001, -0.500001, -0.500001, -0.500001, -0.500001, -0.500001, -0.500001, -0.500001, -0.500001, -0.500001, -0.500001, -0.500001, -0.500001, -0.500001, -0.500001, -0.500001, -0.500001, -0.500001, -0.500001, -0.500001, -0.5, -0.5, -0.5, -0.5, -0.499999, -0.5, -0.5, -0.499999, -0.5, -0.5, -0.5, -0.5, -0.499999, -0.499999, -0.5, -0.499999, -0.5, -0.5, -0.499999, -0.499999, -0.499999, -0.5, -0.5, -0.5, -0.5, -0.5, -0.5, -0.499999, -0.5, -0.499999, -0.5, -0.5, -0.5, -0.5, -0.5, -0.5, -0.5, -0.5, -0.5, -0.499999, -0.5, -0.5, -0.499999, -0.5, -0.5, -0.5, -0.5, -0.5, -0.5, -0.499999], [-0.499999, -0.499999, -0.499999, -0.5, -0.5, -0.5, -0.5, -0.5, -0.5, -0.5, -0.5, -0.5, -0.5, -0.5, -0.5, -0.5, -0.5, -0.5, -0.499999, -0.499999, -0.5, -0.5, -0.5, -0.5, -0.5, -0.499999, -0.499999, -0.5, -0.499999, -0.5, -0.5, -0.499999, -0.499999, -0.5, -0.499999, -0.5, -0.5, -0.5, -0.499999, -0.499999, -0.499999, -0.5, -0.5, -0.5, -0.5, -0.5, -0.5, -0.5, -0.499999, -0.5, -0.500001, -0.500001, -0.500001, -0.500001, -0.500001, -0.500001, -0.500001, -0.500001, -0.500001, -0.500001, -0.500001, -0.500001, -0.500001, -0.500001, -0.500001, -0.500001, -0.500001, -0.500001, -0.500001, -0.500001, -0.500001, -0.500001, -0.500001, -0.500001, -0.500001, -0.500001, -0.500001, -0.500001, -0.500001, -0.500001, -0.500001, -0.500001, -0.500001, -0.500001, -0.500001, -0.500001, -0.500001, -0.500001, -0.500001, -0.500001, -0.500001, -0.500001, -0.500001, -0.500001, -0.500001, -0.500001, -0.500001, -0.500001, -0.500001, -0.500001]], "id_data": [[-3.516e-11, -3.336e-11, -3.525e-11, -1.433e-11, 1.631e-11, 3.663e-11, 7.541e-11, 5.065e-11, 2.049e-11, 1.129e-11, -1.255e-11, -3.16e-11, -5.036e-11, -3.11e-11, 8.18e-12, 5.4e-13, -1.757e-11, -3.566e-11, -5.856e-11, -5.024e-11, -6.8e-12, -6.01e-12, 6.74e-12, 1.422e-11, 1.465e-11, 1.575e-11, 4.4e-12, -1.251e-11, -4.095e-11, -2.01e-11, -2.444e-11, -4e-14, -1.691e-11, -3.81e-12, -3.42e-12, -5.14e-12, -4.85e-12, -4.04e-12, -4.04e-12, -2.87e-12, -5.1e-13, -3.1e-12, -2.08e-12, -1.88e-12, -3.18e-12, -2.7e-12, -2.89e-12, -3.13e-12, -3.41e-12, -2.87e-12, -1.363e-11, -1.076e-11, -8.66e-12, -1.118e-11, -9.57e-12, -8.4e-12, -5.92e-12, -8.41e-12, -4.25e-12, -6.25e-12, -8.49e-12, -4.33e-12, -5.3e-12, -8.14e-12, -6.81e-12, -1.75e-12, -5.19e-12, -8.48e-12, -3.53e-12, -4.54e-12, -5.75e-12, -7.9e-12, -6.41e-12, -3.17e-12, -4.4e-12, -4.74e-12, -3.66e-12, -4.38e-12, -2.74e-12, -5.13e-12, -3.68e-12, -6.94e-12, -4.48e-12, -1.83e-12, -3.72e-12, -5.08e-12, -4.45e-12, -1.48e-12, -6.39e-12, -2.98e-12, -3.83e-12, -3.35e-12, -5.74e-12, -5.95e-12, -5.14e-12, -4.82e-12, -2.87e-12, -4.93e-12, -5.89e-12, -4e-12], [-2.66e-12, -1.86e-12, -4.21e-12, -3.94e-12, -4.52e-12, -1.93e-12, -2.18e-12, -5.66e-12, -3.67e-12, -3.85e-12, -5.56e-12, -2.13e-12, -6.21e-12, -1.85e-12, -1.79e-12, -1.4e-12, -1.05e-12, -2.74e-12, -4.8e-12, -5.96e-12, -3.8e-12, -2.88e-12, -6.29e-12, -1.04e-12, -1.29e-12, 8e-14, 2.5e-13, -1.67e-12, -3.45e-12, -5.15e-12, -1.118e-11, -1.403e-11, -6.3e-12, -6.38e-12, -2.82e-12, -6.09e-12, -3.74e-12, -2.95e-12, -4.63e-12, -5.95e-12, -4.29e-12, -1.97e-12, -5.04e-12, -3.68e-12, -3.41e-12, -3.74e-12, -5.22e-12, -3.95e-12, -2.65e-12, -3.26e-12, 7.53e-12, 5.8e-12, 4.45e-12, -1.92e-12, 2.45e-12, -1.37e-12, 1.92e-12, -9.8e-13, -7.6e-13, -1.42e-12, -4e-13, -2.29e-12, -2.4e-13, 4.57e-12, -2.05e-12, -5.6e-13, -9.5e-13, -1.68e-12, -1.02e-12, -6.9e-13, -1.8e-13, 9.5e-13, -1.95e-12, 8e-13, 4.3e-13, 2.6e-13, -1.07e-12, -4.7e-13, 1.68e-12, -1.84e-12, -8.9e-13, 1.19e-12, -2.09e-12, -4.7e-13, -1.1e-13, -1.61e-12, -2.69e-12, -1.01e-12, -3.7e-13, -6.7e-13, -1.88e-12, -1.65e-12, -3.2e-13, -1.15e-12, -1.05e-12, -1.99e-12, -2.23e-12, -3.92e-12, 6.4e-13, -1.55e-12]], "vgs_data": [[-0.13101, -0.13102, -0.13102, -0.13103, -0.13103, -0.13102, -0.13103, -0.13104, -0.13097, -0.13101, -0.13104, -0.13105, -0.13107, -0.13107, -0.13108, -0.13107, -0.13109, -0.13107, -0.13106, -0.13109, -0.13109, -0.13112, -0.13107, -0.13111, -0.13103, -0.13101, -0.13101, -0.131, -0.13101, -0.13099, -0.13099, -0.13101, -0.13106, -0.131, -0.13105, -0.13101, -0.13105, -0.131, -0.13101, -0.131, -0.13103, -0.13103, -0.13103, -0.130646, -0.130632, -0.130631, -0.130648, -0.130648, -0.130621, -0.1305469, 0.1515154, 0.164673, 0.164733, 0.164686, 0.164715, 0.164676, 0.164667, 0.16423, 0.16427, 0.16427, 0.16423, 0.16422, 0.16422, 0.16422, 0.16424, 0.16419, 0.16421, 0.16421, 0.16422, 0.16421, 0.1642, 0.16421, 0.1642, 0.1642, 0.1642, 0.16422, 0.1642, 0.16422, 0.16413, 0.16421, 0.16411, 0.16416, 0.16422, 0.16417, 0.16417, 0.16419, 0.16416, 0.16417, 0.16418, 0.16421, 0.16417, 0.16419, 0.16416, 0.16422, 0.16419, 0.16414, 0.16418, 0.1642, 0.16417, 0.16411], [0.1641, 0.16414, 0.16411, 0.16411, 0.16411, 0.16415, 0.16413, 0.16412, 0.16415, 0.16416, 0.16414, 0.1642, 0.16416, 0.1641, 0.16412, 0.16415, 0.16418, 0.16416, 0.16411, 0.16416, 0.16413, 0.16419, 0.16424, 0.16422, 0.16421, 0.16418, 0.16417, 0.16419, 0.16412, 0.16417, 0.16418, 0.16417, 0.16419, 0.1642, 0.16419, 0.16419, 0.16422, 0.16421, 0.16422, 0.16419, 0.16424, 0.1642, 0.16416, 0.164662, 0.164664, 0.164667, 0.16466, 0.164644, 0.164622, 0.1515149, -0.1304475, -0.130457, -0.130476, -0.130511, -0.130515, -0.130535, -0.130578, -0.13095, -0.13093, -0.13093, -0.13096, -0.13095, -0.13096, -0.13099, -0.13098, -0.13096, -0.13097, -0.13098, -0.13098, -0.13098, -0.13098, -0.131, -0.13103, -0.13098, -0.13095, -0.13093, -0.13095, -0.13094, -0.13094, -0.13092, -0.13096, -0.131, -0.13098, -0.13096, -0.13096, -0.131, -0.13096, -0.131, -0.13099, -0.13099, -0.13099, -0.13098, -0.13095, -0.13096, -0.131, -0.13096, -0.13098, -0.13095, -0.13095, -0.13096]],