{"ParametersFormatVersion": 3, "GateSweep": {"saveFileName": "GateSweep", "isFastSweep": false, "isAlternatingSweep": false, "pulsedMeasurementOnTime": 0, "pulsedMeasurementOffTime": 0, "stepsInVGSPerDirection": 100, "pointsPerVGS": 1, "complianceCurrent": 0.0001, "drainVoltageSetPoint": -0.5, "gateVoltageMinimum": -15, "gateVoltageMaximum": 15}, "BurnOut": {"saveFileName": "BurnOut", "pointsPerRamp": 50, "pointsPerHold": 50, "complianceCurrent": 0.002, "thresholdProportion": 0.8, "minimumAppliedDrainVoltage": 1.1, "gateVoltageSetPoint": 15.0, "drainVoltageMaxPoint": 10, "drainVoltagePlateaus": 10}, "AutoBurnOut": {"targetOnOffRatio": 300, "limitBurnOutsAllowed": 8, "limitOnOffRatioDegradation": 0.7}, "StaticBias": {"saveFileName": "StaticBias", "totalBiasTime": 60, "measurementTime": 10, "complianceCurrent": 0.0001, "delayBeforeApplyingVoltage": 0, "delayBeforeMeasurementsBegin": 0, "gateVoltageSetPoint": -15, "drainVoltageSetPoint": -0.5, "gateVoltageWhenDone": 0, "drainVoltageWhenDone": 0}, "AutoGateSweep": {"numberOfSweeps": 1, "applyStaticBiasBetweenSweeps": false}, "AutoStaticBias": {"numberOfStaticBiases": 1, "doInitialGateSweep": true, "applyGateSweepBetweenBiases": false, "turnChannelsOffBetweenBiases": false, "channelsOffTime": 0, "firstDelayBeforeMeasurementsBegin": 0, "numberOfBiasesBetweenIncrements": 1, "incrementStaticGateVoltage": 0, "incrementStaticDrainVoltage": 0, "incrementGateVoltageWhenDone": 0, "incrementDrainVoltageWhenDone": 0, "incrementDelayBeforeReapplyingVoltage": 0, "shuffleDelaysBeforeReapplyingVoltage": false}, "Results": {"vds_data": [[-0.50001, -0.499995, -0.499931, -0.5, -0.5, -0.500001, -0.499999, -0.5, -0.5, -0.500001, -0.500001, -0.500001, -0.500001, -0.500001, -0.5, -0.500001, -0.500001, -0.500001, -0.500001, -0.500001, -0.500001, -0.500001, -0.5, -0.500001, -0.500001, -0.500001, -0.5, -0.500001, -0.500001, -0.500001, -0.500001, -0.5, -0.5, -0.500001, -0.500001, -0.5, -0.500001, -0.5, -0.5, -0.5, -0.500001, -0.500001, -0.500001, -0.5, -0.5, -0.500001, -0.500001, -0.5, -0.500001, -0.500001, -0.500001, -0.500001, -0.5, -0.500001, -0.500001, -0.500001, -0.5, -0.5, -0.500001, -0.500001, -0.500001, -0.500001, -0.5, -0.500001, -0.5, -0.5, -0.500001, -0.500001, -0.500001, -0.500001, -0.500001, -0.5, -0.5, -0.5, -0.500001, -0.5, -0.500001, -0.500001, -0.500001, -0.5, -0.500001, -0.500001, -0.5, -0.5, -0.5, -0.500001, -0.5, -0.500011, -0.499998, -0.500001, -0.499999, -0.499953, -0.500002, -0.500002, -0.499999, -0.500003, -0.499996, -0.500006, -0.500003, -0.499998], [-0.500004, -0.5, -0.500004, -0.500003, -0.5, -0.500001, -0.500001, -0.5, -0.500001, -0.5, -0.5, -0.5, -0.5, -0.500001, -0.499999, -0.5, -0.5, -0.5, -0.5, -0.499999, -0.5, -0.500001, -0.500001, -0.500001, -0.500001, -0.5, -0.500001, -0.500001, -0.5, -0.499999, -0.500001, -0.500001, -0.500001, -0.500001, -0.5, -0.500001, -0.500001, -0.500001, -0.500001, -0.499999, -0.5, -0.500001, -0.499999, -0.5, -0.5, -0.5, -0.5, -0.500001, -0.499999, -0.5, -0.5, -0.5, -0.500001, -0.500001, -0.5, -0.5, -0.5, -0.5, -0.5, -0.5, -0.5, -0.500001, -0.499999, -0.500001, -0.500001, -0.500001, -0.5, -0.500001, -0.5, -0.5, -0.500001, -0.5, -0.5, -0.5, -0.500001, -0.500001, -0.500001, -0.5, -0.5, -0.5, -0.5, -0.500001, -0.5, -0.500003, -0.499998, -0.500004, -0.500002, -0.5, -0.499998, -0.5, -0.500002, -0.500001, -0.499999, -0.5, -0.5, -0.499998, -0.5, -0.500003, -0.50001, -0.5]], "id_data": [[5.4079e-09, 5.03941e-09, 1.06709e-08, 1.1835e-10, 1.1014e-10, 1.0205e-10, 9.591e-11, 8.818e-11, 7.953e-11, 7.222e-11, 6.529e-11, 5.667e-11, 5.357e-11, 5.007e-11, 4.437e-11, 3.992e-11, 4.288e-11, 4.4e-11, 3.572e-11, 2.29e-11, 1.142e-11, 1.132e-11, 7.63e-12, 8.71e-12, 5.94e-12, 3.79e-12, 3.4e-13, -3.85e-12, -3.9e-12, -2.93e-12, -6.53e-12, -9.59e-12, -1.935e-11, -1.997e-11, -2.346e-11, -2.293e-11, -2.765e-11, -3.142e-11, -3.812e-11, -3.564e-11, -3.842e-11, -4.321e-11, -4.508e-11, -4.737e-11, -5.034e-11, -5.106e-11, -5.488e-11, -6.031e-11, -6.44e-11, -6.678e-11, -6.155e-11, -6.172e-11, -6.452e-11, -6.511e-11, -6.659e-11, -7.444e-11, -8.92e-11, -8.055e-11, -8.897e-11, -9.614e-11, -9.01e-11, -8.733e-11, -9.26e-11, -9.484e-11, -1.018e-10, -1.0484e-10, -1.1025e-10, -1.0868e-10, -1.1615e-10, -1.2242e-10, -1.2998e-10, -1.3831e-10, -1.457e-10, -1.4913e-10, -1.6115e-10, -1.7334e-10, -2.1467e-10, -2.0611e-10, -3.477e-10, -3.4722e-10, -3.7088e-10, -3.2594e-10, -3.2908e-10, -3.7318e-10, -4.2758e-10, -4.562e-10, -7.6018e-10, -3.5438e-09, -1.3359e-09, -6.549e-10, -3.28326e-09, -8.7457e-09, -5.6011e-09, -2.8128e-09, -2.67513e-09, -2.23027e-09, -3.65719e-09, -3.4033e-09, -4.28318e-09, -4.47314e-09], [-3.93513e-09, -2.46337e-09, -1.90745e-09, -1.47399e-09, -7.0039e-10, -5.2648e-10, -5.2918e-10, -5.0237e-10, -4.1992e-10, -3.7324e-10, -3.0797e-10, -3.6728e-10, -2.1508e-10, -2.1656e-10, -2.0629e-10, -1.7133e-10, -1.3826e-10, -1.2251e-10, -1.1562e-10, -9.165e-11, -7.172e-11, -6.315e-11, -5.197e-11, -3.809e-11, -3.124e-11, -2.457e-11, -1.313e-11, -1.315e-11, -4.88e-12, 1e-14, 1.09e-12, 4.28e-12, 3.61e-12, 1.022e-11, 1.417e-11, 2.062e-11, 2.064e-11, 2.041e-11, 2.317e-11, 2.664e-11, 2.902e-11, 3.558e-11, 3.84e-11, 3.594e-11, 4.077e-11, 4.436e-11, 4.743e-11, 5.021e-11, 4.899e-11, 5.165e-11, 5.441e-11, 5.84e-11, 6.181e-11, 6.484e-11, 6.205e-11, 6.646e-11, 7.036e-11, 7.369e-11, 7.335e-11, 7.6e-11, 7.71e-11, 8.005e-11, 8.773e-11, 8.6e-11, 8.93e-11, 8.974e-11, 9.456e-11, 1.0048e-10, 1.2232e-10, 1.0761e-10, 1.5114e-10, 1.5252e-10, 1.3163e-10, 1.414e-10, 1.6229e-10, 1.4631e-10, 1.5118e-10, 1.5558e-10, 1.6213e-10, 1.7771e-10, 2.1043e-10, 4.5027e-10, 1.17031e-09, 1.52674e-09, 2.58883e-09, 2.37838e-09, 1.68202e-09, 2.42311e-09, 2.65031e-09, 2.24006e-09, 2.01394e-09, 1.96059e-09, 2.04761e-09, 1.72311e-09, 1.48061e-09, 3.1982e-08, 7.4222e-10, 7.8883e-10, 1.2605e-09, 3.351e-10]], "vgs_data": [[-14.99999, -14.69698, -14.39403, -14.09092, -13.78788, -13.48485, -13.18183, -12.87879, -12.57577, -12.27273, -11.96971, -11.66667, -11.36365, -11.06062, -10.75759, -10.45455, -10.15152, -9.84848, -9.54546, -9.24243, -8.9394, -8.63637, -8.33333, -8.0303, -7.72728, -7.42425, -7.12122, -6.81819, -6.51516, -6.21213, -5.90909, -5.60607, -5.30303, -5.0, -4.69697, -4.39395, -4.09091, -3.78789, -3.48486, -3.18183, -2.87879, -2.57577, -2.27274, -1.969697, -1.666668, -1.363636, -1.060606, -0.757575, -0.454546, -0.1515151, 0.1515151, 0.454545, 0.757575, 1.060606, 1.363636, 1.666667, 1.969696, 2.27272, 2.57576, 2.87878, 3.18182, 3.48485, 3.78787, 4.09091, 4.39395, 4.69696, 5.0, 5.30302, 5.60606, 5.90908, 6.21211, 6.51515, 6.81818, 7.1212, 7.42423, 7.72727, 8.03029, 8.33332, 8.63636, 8.93939, 9.24243, 9.54544, 9.84848, 10.15152, 10.45455, 10.75757, 11.06061, 11.36365, 11.66666, 11.96969, 12.27273, 12.57571, 12.87879, 13.18183, 13.48484, 13.78788, 14.0909, 14.39394, 14.69698, 15.0], [15.00001, 14.69697, 14.39394, 14.09092, 13.78787, 13.48484, 13.18182, 12.87878, 12.57575, 12.27272, 11.9697, 11.66666, 11.36364, 11.06061, 10.75758, 10.45455, 10.15151, 9.84848, 9.54545, 9.24241, 8.93938, 8.63636, 8.33333, 8.03029, 7.72726, 7.42424, 7.12121, 6.81818, 6.51514, 6.21212, 5.90908, 5.60606, 5.30303, 5.0, 4.69697, 4.39393, 4.0909, 3.78787, 3.48485, 3.18181, 2.87879, 2.57575, 2.27272, 1.969698, 1.666666, 1.363635, 1.060606, 0.757576, 0.454545, 0.1515148, -0.1515153, -0.454545, -0.757577, -1.060607, -1.363636, -1.666667, -1.969698, -2.27273, -2.57577, -2.8788, -3.18182, -3.48485, -3.78788, -4.09092, -4.39395, -4.69698, -5.00001, -5.30303, -5.60607, -5.90909, -6.21212, -6.51516, -6.81819, -7.12121, -7.42423, -7.72728, -8.03031, -8.33333, -8.63637, -8.93939, -9.24243, -9.54545, -9.84848, -10.15152, -10.45455, -10.75759, -11.0606, -11.36365, -11.66667, -11.96971, -12.27272, -12.57576, -12.8788, -13.18183, -13.48485, -13.78788, -14.09091, -14.39393, -14.69695, -15.00001]],