{"ParametersFormatVersion": 3, "GateSweep": {"saveFileName": "GateSweep", "isFastSweep": false, "isAlternatingSweep": false, "pulsedMeasurementOnTime": 0, "pulsedMeasurementOffTime": 0, "stepsInVGSPerDirection": 100, "pointsPerVGS": 1, "complianceCurrent": 0.0001, "drainVoltageSetPoint": -0.5, "gateVoltageMinimum": -15, "gateVoltageMaximum": 15}, "BurnOut": {"saveFileName": "BurnOut", "pointsPerRamp": 50, "pointsPerHold": 50, "complianceCurrent": 0.002, "thresholdProportion": 0.8, "minimumAppliedDrainVoltage": 1.1, "gateVoltageSetPoint": 15.0, "drainVoltageMaxPoint": 10, "drainVoltagePlateaus": 10}, "AutoBurnOut": {"targetOnOffRatio": 300, "limitBurnOutsAllowed": 8, "limitOnOffRatioDegradation": 0.7}, "StaticBias": {"saveFileName": "StaticBias", "totalBiasTime": 60, "measurementTime": 10, "complianceCurrent": 0.0001, "delayBeforeApplyingVoltage": 0, "delayBeforeMeasurementsBegin": 0, "gateVoltageSetPoint": -15, "drainVoltageSetPoint": -0.5, "gateVoltageWhenDone": 0, "drainVoltageWhenDone": 0}, "AutoGateSweep": {"numberOfSweeps": 1, "applyStaticBiasBetweenSweeps": false}, "AutoStaticBias": {"numberOfStaticBiases": 1, "doInitialGateSweep": true, "applyGateSweepBetweenBiases": false, "turnChannelsOffBetweenBiases": false, "channelsOffTime": 0, "firstDelayBeforeMeasurementsBegin": 0, "numberOfBiasesBetweenIncrements": 1, "incrementStaticGateVoltage": 0, "incrementStaticDrainVoltage": 0, "incrementGateVoltageWhenDone": 0, "incrementDrainVoltageWhenDone": 0, "incrementDelayBeforeReapplyingVoltage": 0, "shuffleDelaysBeforeReapplyingVoltage": false}, "Results": {"vds_data": [[-0.411036, -0.411031, -0.411038, -0.411032, -0.411034, -0.411034, -0.411034, -0.411029, -0.411029, -0.411031, -0.411026, -0.411026, -0.411031, -0.411031, -0.411027, -0.411034, -0.41104, -0.411038, -0.411034, -0.411035, -0.411037, -0.411036, -0.411042, -0.411026, -0.411032, -0.411031, -0.411034, -0.411034, -0.411039, -0.411037, -0.411034, -0.411029, -0.411038, -0.411032, -0.411033, -0.411031, -0.411031, -0.411034, -0.411031, -0.411035, -0.411031, -0.411029, -0.411034, -0.41103, -0.411029, -0.411027, -0.411031, -0.411032, -0.411031, -0.411026, -0.411023, -0.411025, -0.411027, -0.411029, -0.411027, -0.411021, -0.411022, -0.411022, -0.411021, -0.411018, -0.411019, -0.411025, -0.411026, -0.411022, -0.411024, -0.41102, -0.411019, -0.41102, -0.411028, -0.411026, -0.411024, -0.411021, -0.411025, -0.411023, -0.411025, -0.411022, -0.411029, -0.411027, -0.41102, -0.411021, -0.411016, -0.411018, -0.411022, -0.411027, -0.41102, -0.411019, -0.411016, -0.411023, -0.411023, -0.411019, -0.411022, -0.411021, -0.411021, -0.411018, -0.411021, -0.411021, -0.41102, -0.411017, -0.411017, -0.411022], [-0.411019, -0.41102, -0.411019, -0.411022, -0.411021, -0.411029, -0.411027, -0.411028, -0.411026, -0.411021, -0.411026, -0.411024, -0.411019, -0.41102, -0.411026, -0.41102, -0.41102, -0.411023, -0.411022, -0.411027, -0.411023, -0.411016, -0.411017, -0.41102, -0.411014, -0.411021, -0.411028, -0.41102, -0.411017, -0.411022, -0.411023, -0.411026, -0.411025, -0.411024, -0.411025, -0.411023, -0.411023, -0.411022, -0.411023, -0.411022, -0.411026, -0.411029, -0.411029, -0.41103, -0.411023, -0.411028, -0.411024, -0.411024, -0.411025, -0.411027, -0.411029, -0.411035, -0.411031, -0.411029, -0.411031, -0.41103, -0.411026, -0.411028, -0.411028, -0.411032, -0.411031, -0.411029, -0.411031, -0.411028, -0.411035, -0.411032, -0.411029, -0.411031, -0.411031, -0.411037, -0.411037, -0.411034, -0.411036, -0.411033, -0.411034, -0.411035, -0.411033, -0.411033, -0.411037, -0.411038, -0.411034, -0.411033, -0.411038, -0.411036, -0.411035, -0.411041, -0.411038, -0.411036, -0.411045, -0.411042, -0.411039, -0.411038, -0.411037, -0.411038, -0.411035, -0.411041, -0.41104, -0.411042, -0.411039, -0.411041]], "id_data": [[-0.0001, -0.0001, -0.0001, -0.0001, -0.0001, -0.0001, -0.0001, -0.0001, -0.0001, -0.0001, -0.0001, -0.0001, -0.0001, -0.0001, -0.0001, -0.0001, -0.0001, -0.0001, -0.0001, -0.0001, -0.0001, -0.0001, -0.0001, -0.0001, -0.0001, -0.0001, -0.0001, -0.0001, -0.0001, -0.0001, -0.0001, -0.0001, -0.0001, -0.0001, -0.0001, -0.0001, -0.0001, -0.0001, -0.0001, -0.0001, -0.0001, -0.0001, -0.0001, -0.0001, -0.0001, -0.0001, -0.0001, -0.0001, -0.0001, -0.0001, -0.0001, -0.0001, -0.0001, -0.0001, -0.0001, -0.0001, -0.0001, -0.0001, -0.0001, -0.0001, -0.0001, -0.0001, -0.0001, -0.0001, -0.0001, -0.0001, -0.0001, -0.0001, -0.0001, -0.0001, -0.0001, -0.0001, -0.0001, -0.0001, -0.0001, -0.0001, -0.0001, -0.0001, -0.0001, -0.0001, -0.0001, -0.0001, -0.0001, -0.0001, -0.0001, -0.0001, -0.0001, -0.0001, -0.0001, -0.0001, -0.0001, -0.0001, -0.0001, -0.0001, -0.0001, -0.0001, -0.0001, -0.0001, -0.0001, -0.0001], [-0.0001, -0.0001, -0.0001, -0.0001, -0.0001, -0.0001, -0.0001, -0.0001, -0.0001, -0.0001, -0.0001, -0.0001, -0.0001, -0.0001, -0.0001, -0.0001, -0.0001, -0.0001, -0.0001, -0.0001, -0.0001, -0.0001, -0.0001, -0.0001, -0.0001, -0.0001, -0.0001, -0.0001, -0.0001, -0.0001, -0.0001, -0.0001, -0.0001, -0.0001, -0.0001, -0.0001, -0.0001, -0.0001, -0.0001, -0.0001, -0.0001, -0.0001, -0.0001, -0.0001, -0.0001, -0.0001, -0.0001, -0.0001, -0.0001, -0.0001, -0.0001, -0.0001, -0.0001, -0.0001, -0.0001, -0.0001, -0.0001, -0.0001, -0.0001, -0.0001, -0.0001, -0.0001, -0.0001, -0.0001, -0.0001, -0.0001, -0.0001, -0.0001, -0.0001, -0.0001, -0.0001, -0.0001, -0.0001, -0.0001, -0.0001, -0.0001, -0.0001, -0.0001, -0.0001, -0.0001, -0.0001, -0.0001, -0.0001, -0.0001, -0.0001, -0.0001, -0.0001, -0.0001, -0.0001, -0.0001, -0.0001, -0.0001, -0.0001, -0.0001, -0.0001, -0.0001, -0.0001, -0.0001, -0.0001, -0.0001]], "vgs_data": [[-15.00001, -14.69698, -14.39394, -14.09092, -13.78789, -13.48485, -13.18182, -12.87879, -12.57577, -12.27274, -11.9697, -11.66668, -11.36365, -11.06061, -10.75758, -10.45456, -10.15152, -9.84848, -9.54546, -9.24243, -8.93939, -8.63636, -8.33333, -8.03031, -7.72727, -7.42425, -7.12121, -6.81818, -6.51515, -6.21213, -5.90909, -5.60607, -5.30303, -5.0, -4.69698, -4.39394, -4.09092, -3.78788, -3.48485, -3.18182, -2.87878, -2.57576, -2.27273, -1.969697, -1.666667, -1.363637, -1.060607, -0.757577, -0.454544, -0.1515149, 0.1515154, 0.454544, 0.757575, 1.060606, 1.363637, 1.666666, 1.969697, 2.27273, 2.57576, 2.87878, 3.18181, 3.48485, 3.78787, 4.0909, 4.39394, 4.69697, 4.99999, 5.30302, 5.60605, 5.90909, 6.21211, 6.51514, 6.81818, 7.1212, 7.42423, 7.72726, 8.03029, 8.33332, 8.63636, 8.93939, 9.24241, 9.54545, 9.84847, 10.15151, 10.45454, 10.75757, 11.06061, 11.36364, 11.66667, 11.96969, 12.27273, 12.57576, 12.87878, 13.18182, 13.48484, 13.78788, 14.09091, 14.39394, 14.69696, 14.99999], [14.99999, 14.69697, 14.39394, 14.0909, 13.78787, 13.48485, 13.18182, 12.87878, 12.57576, 12.27273, 11.9697, 11.66666, 11.36364, 11.06061, 10.75757, 10.45455, 10.15152, 9.84848, 9.54545, 9.24241, 8.93939, 8.63635, 8.33333, 8.03029, 7.72726, 7.42424, 7.12121, 6.81817, 6.51515, 6.21211, 5.90908, 5.60606, 5.30302, 5.0, 4.69697, 4.39393, 4.09091, 3.78787, 3.48484, 3.18182, 2.87878, 2.57576, 2.27272, 1.969696, 1.666667, 1.363635, 1.060606, 0.757575, 0.454545, 0.1515151, -0.1515154, -0.454545, -0.757576, -1.060607, -1.363636, -1.666668, -1.969697, -2.27273, -2.57576, -2.87879, -3.18183, -3.48486, -3.78789, -4.09091, -4.39394, -4.69697, -5.00001, -5.30303, -5.60607, -5.90909, -6.21213, -6.51515, -6.81818, -7.12122, -7.42425, -7.72727, -8.03031, -8.33333, -8.63637, -8.9394, -9.24242, -9.54546, -9.84849, -10.15153, -10.45456, -10.75758, -11.06061, -11.36365, -11.66667, -11.9697, -12.27274, -12.57576, -12.87879, -13.18182, -13.48485, -13.78789, -14.09091, -14.39395, -14.69698, -15.00001]],