{"runType": "GateSweep", "chipID": "P", "deviceID": "9-10", "dataFolder": "data/", "plotsFolder": "CurrentPlots/", "postFigures": true, "NPLC": 1, "deviceDirectory": "data/C127/P/9-10/", "startIndexes": {"index": 0, "experimentNumber": 1}, "index": 0, "experimentNumber": 1, "MeasurementSystem": "B2912A", "deviceRange": [], "ParametersFormatVersion": 3, "GateSweep": {"saveFileName": "GateSweep", "isFastSweep": false, "isAlternatingSweep": false, "pulsedMeasurementOnTime": 0, "pulsedMeasurementOffTime": 0, "stepsInVGSPerDirection": 16, "pointsPerVGS": 3, "complianceCurrent": 0.0001, "drainVoltageSetPoint": 0.5, "gateVoltageMinimum": -15.0, "gateVoltageMaximum": 15.0}, "Results": {"id_data": [[1.48807e-08, 1.62573e-08, 1.56581e-08, 0.0001, 0.0001, 0.0001, 9.99999e-05, 0.0001, 0.0001, 0.0001, 0.0001, 0.0001, 0.0001, 0.0001, 0.0001, 0.0001, 0.0001, 0.0001, 0.0001, 0.0001, 0.0001, 0.0001, 0.0001, 0.0001, 0.0001, 0.0001, 0.0001, 0.0001, 0.0001, 0.0001, 9.99999e-05, 0.0001, 9.99999e-05, 9.99999e-05, 0.0001, 9.99999e-05, 0.0001, 0.0001, 0.0001, 0.0001, 0.0001, 0.0001, 0.0001, 9.99999e-05, 0.0001, 9.99999e-05, 0.0001, 0.0001], [0.0001, 0.0001, 0.0001, 0.0001, 0.0001, 9.99999e-05, 0.0001000001, 0.0001000001, 0.0001, 9.99999e-05, 0.0001, 0.0001, 0.0001, 0.0001, 0.0001, 0.0001, 0.0001, 0.0001, 0.0001, 0.0001, 0.0001, 0.0001, 9.99999e-05, 0.0001, 9.99999e-05, 0.0001, 9.99999e-05, 9.99999e-05, 0.0001, 0.0001000001, 0.0001, 0.0001, 0.0001, 0.0001, 0.0001, 0.0001, 9.99999e-05, 0.0001, 0.0001, 0.0001, 0.0001, 0.0001, 0.0001, 0.0001, 0.0001, 0.0001, 0.0001, 9.99999e-05]], "ig_data": [[-2.071e-09, -1.53e-09, -1.267e-09, -1.22e-10, -5.62e-10, -6.57e-10, 3.38e-10, -3.14e-10, -3.17e-10, 6.05e-10, 3.8e-11, -9.9e-11, 8.23e-10, 2.15e-10, -1e-12, 9.26e-10, 2.87e-10, 1.53e-10, 6.26e-10, 3.44e-10, 2.5e-10, 1.154e-09, 5.44e-10, 3.96e-10, 1.268e-09, 5.21e-10, 4.16e-10, 1.331e-09, 6.62e-10, 5.04e-10, 1.396e-09, 7.18e-10, 5.68e-10, 1.47e-09, 6.66e-10, 5.93e-10, 1.478e-09, 8.5e-10, 7e-10, 1.588e-09, 9.24e-10, 7.61e-10, 1.076e-09, 8.4e-10, 7.32e-10, 1.646e-09, 9.97e-10, 8.68e-10], [7.52e-10, 6.58e-10, 6.76e-10, -3.58e-10, 2.36e-10, 3.3e-10, -6.41e-10, 1.5e-11, 1.11e-10, -7.88e-10, -1.23e-10, -1.9e-11, -9.49e-10, -2.23e-10, -5.8e-11, -9.63e-10, -2.08e-10, -1.59e-10, -1.091e-09, -4.94e-10, -3.6e-10, -1.249e-09, -5.43e-10, -3.95e-10, -1.298e-09, -6.14e-10, -4.75e-10, -1.341e-09, -6.38e-10, -5.13e-10, -1.421e-09, -7.45e-10, -6.07e-10, -1.505e-09, -8.18e-10, -6.72e-10, -1.558e-09, -8.79e-10, -6.94e-10, -1.038e-09, -8.51e-10, -7.46e-10, -1.649e-09, -1.056e-09, -8.45e-10, -1.306e-09, -9.46e-10, -8.22e-10]], "vds_data": [[0.500004, 0.500001, 0.500001, 0.290718, 0.290714, 0.290717, 0.290718, 0.290715, 0.290716, 0.290717, 0.290712, 0.290716, 0.290712, 0.290714, 0.290716, 0.290716, 0.290714, 0.290718, 0.290719, 0.290715, 0.290714, 0.290717, 0.290719, 0.290719, 0.290713, 0.290719, 0.290721, 0.29072, 0.290719, 0.290719, 0.29073, 0.290728, 0.290726, 0.290729, 0.290733, 0.290726, 0.290729, 0.290732, 0.290728, 0.290731, 0.290731, 0.29073, 0.290726, 0.290726, 0.290728, 0.290728, 0.290731, 0.29073], [0.290724, 0.290722, 0.290727, 0.290726, 0.290734, 0.290727, 0.290727, 0.290729, 0.290727, 0.290727, 0.290724, 0.290734, 0.290733, 0.290734, 0.290733, 0.290734, 0.290739, 0.290734, 0.290735, 0.290736, 0.290739, 0.290736, 0.290746, 0.290744, 0.290745, 0.290747, 0.290747, 0.290749, 0.290747, 0.290751, 0.29075, 0.290747, 0.290748, 0.290757, 0.290756, 0.29076, 0.290758, 0.290759, 0.290759, 0.290756, 0.290755, 0.290758, 0.290757, 0.290758, 0.290762, 0.290759, 0.290762, 0.290758]], "vgs_data": [[-15.0, -15.0, -15.0, -13.0, -13.0, -13.0, -11.0, -11.0, -11.0, -9.0, -9.0, -9.0, -7.0, -7.0, -7.0, -5.0, -5.0, -5.0, -3.0, -3.0, -3.0, -1.0, -1.0, -1.0, 0.999999, 1.0, 1.0, 3.0, 3.0, 3.0, 5.0, 5.0, 5.0, 7.0, 7.0, 7.0, 9.0, 9.0, 9.0, 11.0, 11.0, 11.0, 12.99999, 12.99999, 13.0, 15.0, 15.0, 15.0], [15.0, 15.0, 15.0, 12.99999, 12.99999, 12.99999, 11.0, 11.0, 11.0, 9.0, 9.0, 9.0, 7.0, 7.0, 7.0, 5.0, 5.0, 5.0, 3.0, 3.0, 3.0, 0.999999, 1.0, 1.0, -1.0, -1.0, -1.0, -3.0, -3.0, -3.0, -5.0, -5.0, -5.0, -7.0, -7.0, -7.0, -9.0, -9.0, -9.0, -11.0, -11.0, -11.0, -13.0, -13.0, -13.0, -15.0, -15.0, -15.0]], "timestamps": [[1517510780.3532326, 1517510780.4381642, 1517510780.5083222, 1517510780.5985, 1517510780.6681793, 1517510780.7481906, 1517510780.8285172, 1517510780.9482083, 1517510781.0083644, 1517510781.088537, 1517510781.148542, 1517510781.218222, 1517510781.298553, 1517510781.4085374, 1517510781.4882452, 1517510781.6485786, 1517510781.7183423, 1517510781.7985935, 1517510781.9086008, 1517510781.992954, 1517510782.0529165, 1517510782.1329224, 1517510782.192927, 1517510782.262933, 1517510782.3329377, 1517510782.4527898, 1517510782.5327983, 1517510782.6129856, 1517510782.692864, 1517510782.7729995, 1517510782.8630059, 1517510782.9430282, 1517510783.0230665, 1517510783.113076, 1517510783.262862, 1517510783.3328974, 1517510783.4430544, 1517510783.5129566, 1517510783.574737, 1517510783.6547432, 1517510783.7344542, 1517510783.8147562, 1517510783.944475, 1517510784.0444806, 1517510784.1346514, 1517510784.2248442, 1517510784.2948453, 1517510784.3647485], [1517510784.4648318, 1517510784.5348446, 1517510784.604522, 1517510784.6945267, 1517510784.774538, 1517510784.8645437, 1517510784.9549139, 1517510785.034908, 1517510785.1128817, 1517510785.2032042, 1517510785.2832108, 1517510785.3632164, 1517510785.462903, 1517510785.5630453, 1517510785.7330759, 1517510785.842938, 1517510786.0029454, 1517510786.0732737, 1517510786.1432781, 1517510786.2129667, 1517510786.2732887, 1517510786.3432956, 1517510786.4433012, 1517510786.5231373, 1517510786.613144, 1517510786.6980264, 1517510786.7877114, 1517510786.8680375, 1517510786.9780467, 1517510787.0580513, 1517510787.1478972, 1517510787.2380645, 1517510787.3080733, 1517510787.3880792, 1517510787.4680831, 1517510787.5677664, 1517510787.6577802, 1517510787.737786, 1517510787.8453262, 1517510787.9830143, 1517510788.0530617, 1517510788.11332, 1517510788.1831021, 1517510788.243331, 1517510788.332906, 1517510788.4627724, 1517510788.5629203, 1517510788.6429286]], "gateVoltages": [[-15.0, -15.0, -15.0, -13.0, -13.0, -13.0, -11.0, -11.0, -11.0, -9.0, -9.0, -9.0, -7.0, -7.0, -7.0, -5.0, -5.0, -5.0, -3.0, -3.0, -3.0, -1.0, -1.0, -1.0, 1.0, 1.0, 1.0, 3.0, 3.0, 3.0, 5.0, 5.0, 5.0, 7.0, 7.0, 7.0, 9.0, 9.0, 9.0, 11.0, 11.0, 11.0, 13.0, 13.0, 13.0, 15.0, 15.0, 15.0], [15.0, 15.0, 15.0, 13.0, 13.0, 13.0, 11.0, 11.0, 11.0, 9.0, 9.0, 9.0, 7.0, 7.0, 7.0, 5.0, 5.0, 5.0, 3.0, 3.0, 3.0, 1.0, 1.0, 1.0, -1.0, -1.0, -1.0, -3.0, -3.0, -3.0, -5.0, -5.0, -5.0, -7.0, -7.0, -7.0, -9.0, -9.0, -9.0, -11.0, -11.0, -11.0, -13.0, -13.0, -13.0, -15.0, -15.0, -15.0]], "onOffRatio": 1.000002000002, "onCurrent": 0.0001000001, "offCurrent": 9.99999e-05}, "waferID": "C127"}
