{"ParametersFormatVersion": 3, "GateSweep": {"saveFileName": "GateSweep", "isFastSweep": false, "isAlternatingSweep": false, "pulsedMeasurementOnTime": 0, "pulsedMeasurementOffTime": 0, "stepsInVGSPerDirection": 100, "pointsPerVGS": 1, "complianceCurrent": 0.0001, "drainVoltageSetPoint": -0.5, "gateVoltageMinimum": -15, "gateVoltageMaximum": 15}, "BurnOut": {"saveFileName": "BurnOut", "pointsPerRamp": 50, "pointsPerHold": 50, "complianceCurrent": 0.002, "thresholdProportion": 0.8, "minimumAppliedDrainVoltage": 1.1, "gateVoltageSetPoint": 15.0, "drainVoltageMaxPoint": 10, "drainVoltagePlateaus": 10}, "AutoBurnOut": {"targetOnOffRatio": 300, "limitBurnOutsAllowed": 8, "limitOnOffRatioDegradation": 0.7}, "StaticBias": {"saveFileName": "StaticBias", "totalBiasTime": 60, "measurementTime": 10, "complianceCurrent": 0.0001, "delayBeforeApplyingVoltage": 0, "delayBeforeMeasurementsBegin": 0, "gateVoltageSetPoint": -15, "drainVoltageSetPoint": -0.5, "gateVoltageWhenDone": 0, "drainVoltageWhenDone": 0}, "AutoGateSweep": {"numberOfSweeps": 1, "applyStaticBiasBetweenSweeps": false}, "AutoStaticBias": {"numberOfStaticBiases": 1, "doInitialGateSweep": true, "applyGateSweepBetweenBiases": false, "turnChannelsOffBetweenBiases": false, "channelsOffTime": 0, "firstDelayBeforeMeasurementsBegin": 0, "numberOfBiasesBetweenIncrements": 1, "incrementStaticGateVoltage": 0, "incrementStaticDrainVoltage": 0, "incrementGateVoltageWhenDone": 0, "incrementDrainVoltageWhenDone": 0, "incrementDelayBeforeReapplyingVoltage": 0, "shuffleDelaysBeforeReapplyingVoltage": false}, "Results": {"vds_data": [[-0.382203, -0.382211, -0.38221, -0.382202, -0.382201, -0.382201, -0.382194, -0.382195, -0.382192, -0.382202, -0.382197, -0.382194, -0.382184, -0.382191, -0.382197, -0.382203, -0.382198, -0.382197, -0.382202, -0.382205, -0.382202, -0.382204, -0.382199, -0.3822, -0.382206, -0.382204, -0.382198, -0.382212, -0.382205, -0.382217, -0.382211, -0.382208, -0.382214, -0.382215, -0.382211, -0.382218, -0.382207, -0.382208, -0.382204, -0.382201, -0.382194, -0.38219, -0.382194, -0.382189, -0.382192, -0.382199, -0.382196, -0.382202, -0.382194, -0.382191, -0.38193, -0.381907, -0.381911, -0.381915, -0.381911, -0.381909, -0.381905, -0.3819, -0.381908, -0.381906, -0.381906, -0.38191, -0.381915, -0.381909, -0.381918, -0.381917, -0.381909, -0.381908, -0.381915, -0.381908, -0.381906, -0.381907, -0.381913, -0.381915, -0.381912, -0.381931, -0.381925, -0.381923, -0.381914, -0.38192, -0.381909, -0.381912, -0.381909, -0.381906, -0.381918, -0.381921, -0.381918, -0.381907, -0.381908, -0.38192, -0.381907, -0.381916, -0.38191, -0.3819, -0.381901, -0.381896, -0.3819, -0.381906, -0.381905, -0.381898], [-0.381898, -0.381896, -0.381907, -0.381897, -0.381901, -0.381908, -0.381902, -0.381911, -0.381908, -0.381908, -0.381904, -0.381905, -0.381903, -0.38191, -0.381909, -0.381914, -0.381915, -0.381915, -0.381911, -0.381911, -0.381916, -0.381916, -0.381912, -0.381914, -0.381913, -0.381909, -0.381902, -0.381897, -0.381895, -0.381902, -0.381911, -0.381902, -0.3819, -0.381897, -0.381889, -0.381892, -0.381889, -0.381894, -0.381898, -0.381896, -0.381894, -0.381892, -0.381894, -0.381889, -0.381884, -0.381885, -0.381885, -0.381885, -0.381888, -0.3819, -0.382166, -0.382169, -0.382162, -0.382158, -0.382156, -0.382166, -0.382156, -0.382153, -0.382159, -0.382157, -0.382159, -0.382167, -0.382164, -0.382157, -0.382163, -0.382164, -0.382159, -0.382164, -0.382159, -0.382162, -0.382169, -0.382168, -0.38217, -0.382167, -0.382173, -0.382167, -0.382164, -0.382163, -0.382156, -0.382161, -0.382164, -0.382169, -0.382166, -0.382158, -0.382168, -0.382166, -0.382163, -0.382164, -0.382159, -0.382159, -0.382158, -0.382164, -0.382159, -0.382156, -0.382157, -0.38216, -0.382155, -0.382165, -0.382164, -0.382164]], "id_data": [[-0.0001, -0.0001, -0.0001, -0.0001, -0.0001, -0.0001, -0.0001, -0.0001, -0.0001, -0.0001, -0.0001, -0.0001, -0.0001, -0.0001, -0.0001, -0.0001, -0.0001, -0.0001, -0.0001, -0.0001, -0.0001, -0.0001, -0.0001, -0.0001, -0.0001, -0.0001, -0.0001, -0.0001, -0.0001, -0.0001, -0.0001, -0.0001, -0.0001, -0.0001, -0.0001, -0.0001, -0.0001, -0.0001, -0.0001, -0.0001, -0.0001, -0.0001, -0.0001, -0.0001, -0.0001, -0.0001, -0.0001, -0.0001, -0.0001, -0.0001, -0.0001, -0.0001, -0.0001, -0.0001, -0.0001, -0.0001, -0.0001, -0.0001, -0.0001, -0.0001, -0.0001, -0.0001, -0.0001, -0.0001, -0.0001, -0.0001, -0.0001, -0.0001, -0.0001, -0.0001, -0.0001, -0.0001, -0.0001, -0.0001, -0.0001, -0.0001, -0.0001, -0.0001, -0.0001, -0.0001, -0.0001, -0.0001, -0.0001, -0.0001, -0.0001, -0.0001, -0.0001, -0.0001, -0.0001, -0.0001, -0.0001, -0.0001, -0.0001, -0.0001, -0.0001, -0.0001, -0.0001, -0.0001, -0.0001, -0.0001], [-0.0001, -0.0001, -0.0001, -0.0001, -0.0001, -0.0001, -0.0001, -0.0001, -0.0001, -0.0001, -0.0001, -0.0001, -0.0001, -0.0001, -0.0001, -0.0001, -0.0001, -0.0001, -0.0001, -0.0001, -0.0001, -0.0001, -0.0001, -0.0001, -0.0001, -0.0001, -0.0001, -0.0001, -0.0001, -0.0001, -0.0001, -0.0001, -0.0001, -0.0001, -0.0001, -0.0001, -0.0001, -0.0001, -0.0001, -0.0001, -0.0001, -0.0001, -0.0001, -0.0001, -0.0001, -0.0001, -0.0001, -0.0001, -0.0001, -0.0001, -0.0001, -0.0001, -0.0001, -0.0001, -0.0001, -0.0001, -0.0001, -0.0001, -0.0001, -0.0001, -0.0001, -0.0001, -0.0001, -0.0001, -0.0001, -0.0001, -0.0001, -0.0001, -0.0001, -0.0001, -0.0001, -0.0001, -0.0001, -0.0001, -0.0001, -0.0001, -0.0001, -0.0001, -0.0001, -0.0001, -0.0001, -0.0001, -0.0001, -0.0001, -0.0001, -0.0001, -0.0001, -0.0001, -0.0001, -0.0001, -0.0001, -0.0001, -0.0001, -0.0001, -0.0001, -0.0001, -0.0001, -0.0001, -0.0001, -0.0001]], "vgs_data": [[-0.13102, -0.13104, -0.13098, -0.13101, -0.13102, -0.13101, -0.13102, -0.13102, -0.13103, -0.1311, -0.13107, -0.13105, -0.13106, -0.13108, -0.13109, -0.13105, -0.13106, -0.13107, -0.13104, -0.13101, -0.13108, -0.13109, -0.13101, -0.131, -0.13101, -0.13106, -0.13103, -0.13103, -0.13102, -0.13104, -0.13107, -0.13099, -0.131, -0.131, -0.13101, -0.131, -0.13099, -0.13104, -0.13104, -0.13108, -0.13104, -0.13102, -0.13103, -0.130587, -0.130561, -0.130557, -0.130543, -0.130593, -0.130571, -0.1305333, 0.1515151, 0.164185, 0.164161, 0.164167, 0.164176, 0.164178, 0.164151, 0.16376, 0.16378, 0.16372, 0.16378, 0.16376, 0.16377, 0.16377, 0.16374, 0.16374, 0.16373, 0.16376, 0.16372, 0.16367, 0.1637, 0.16368, 0.16368, 0.16365, 0.16362, 0.16363, 0.16365, 0.16366, 0.16367, 0.16368, 0.16368, 0.16366, 0.16371, 0.16366, 0.16367, 0.16362, 0.1636, 0.16359, 0.16367, 0.16371, 0.16365, 0.16367, 0.16375, 0.16368, 0.16367, 0.16366, 0.16369, 0.16364, 0.1637, 0.16367], [0.16372, 0.16371, 0.16371, 0.16368, 0.16375, 0.16369, 0.16371, 0.16366, 0.16367, 0.1637, 0.16365, 0.16365, 0.16368, 0.16369, 0.1637, 0.1637, 0.16373, 0.16369, 0.16365, 0.16359, 0.16362, 0.16365, 0.16365, 0.16365, 0.16367, 0.16371, 0.16372, 0.16371, 0.16368, 0.16362, 0.16364, 0.16373, 0.16372, 0.16371, 0.16366, 0.16364, 0.16364, 0.16366, 0.16367, 0.16361, 0.16364, 0.16366, 0.1637, 0.164068, 0.164034, 0.164021, 0.164045, 0.164084, 0.164057, 0.1515155, -0.1304327, -0.130456, -0.130484, -0.130491, -0.130477, -0.130469, -0.130507, -0.1309, -0.13088, -0.1309, -0.13096, -0.1309, -0.13096, -0.13096, -0.13098, -0.13097, -0.131, -0.13092, -0.13095, -0.13096, -0.13097, -0.13095, -0.13094, -0.131, -0.13097, -0.13095, -0.13094, -0.13092, -0.13097, -0.13096, -0.13099, -0.13096, -0.13094, -0.13101, -0.13101, -0.13095, -0.13099, -0.13098, -0.13101, -0.13097, -0.13099, -0.13098, -0.13096, -0.13095, -0.13101, -0.13101, -0.13098, -0.13099, -0.13102, -0.13101]],